{"stats":{"minecraft:crafted":{"minecraft:wooden_sword":1,"minecraft:crafting_table":1,"minecraft:stick":8,"minecraft:wooden_pickaxe":1,"minecraft:wooden_axe":1,"minecraft:acacia_planks":20},"minecraft:custom":{"minecraft:time_since_rest":33054,"minecraft:sprint_one_cm":145872,"minecraft:damage_taken":402,"minecraft:walk_one_cm":123218,"minecraft:mob_kills":1,"minecraft:drop":2,"minecraft:damage_dealt":272,"minecraft:swim_one_cm":5071,"minecraft:interact_with_crafting_table":3,"minecraft:talked_to_villager":2,"minecraft:fly_one_cm":26920,"minecraft:open_chest":4,"minecraft:crouch_one_cm":1533,"minecraft:play_time":33054,"minecraft:sneak_time":684,"minecraft:bell_ring":21,"minecraft:walk_under_water_one_cm":54,"minecraft:jump":345,"minecraft:walk_on_water_one_cm":5606,"minecraft:time_since_death":33054,"minecraft:climb_one_cm":2045,"minecraft:total_world_time":33054,"minecraft:fall_one_cm":5130},"minecraft:used":{"minecraft:wooden_axe":13,"minecraft:bread":1,"minecraft:melon_slice":24,"minecraft:wooden_pickaxe":50,"minecraft:torch":1,"minecraft:wooden_sword":4,"minecraft:crafting_table":1,"minecraft:acacia_planks":11},"minecraft:killed":{"minecraft:zombie":1},"minecraft:dropped":{"minecraft:dirt":1,"minecraft:dandelion":1},"minecraft:mined":{"minecraft:spruce_stairs":1,"treechop:chopped_log":3,"minecraft:crafting_table":1,"minecraft:torch":1,"minecraft:grass_block":2,"minecraft:grass":9,"minecraft:coal_ore":31,"minecraft:cocoa":2,"minecraft:melon":21,"minecraft:dirt":1,"minecraft:bamboo":3,"minecraft:acacia_planks":4,"minecraft:stone":4,"minecraft:wall_torch":2,"minecraft:cake":1,"minecraft:oak_leaves":2,"minecraft:fern":1,"minecraft:orange_bed":1},"minecraft:picked_up":{"minecraft:stick":3,"minecraft:cocoa_beans":9,"minecraft:crafting_table":1,"minecraft:wheat":2,"minecraft:torch":3,"minecraft:acacia_log":26,"minecraft:dandelion":1,"minecraft:spruce_stairs":1,"minecraft:sand":1,"minecraft:dirt":5,"minecraft:orange_bed":1,"minecraft:acacia_planks":8,"minecraft:arrow":2,"minecraft:rotten_flesh":4,"minecraft:wheat_seeds":5,"minecraft:spruce_planks":1,"minecraft:iron_ingot":1,"minecraft:bamboo":8,"minecraft:melon_slice":109,"minecraft:coal":31,"minecraft:acacia_sapling":11,"minecraft:cobblestone":4,"minecraft:egg":3}},"DataVersion":3465}