{"stats":{"minecraft:crafted":{"minecraft:acacia_planks":20},"minecraft:custom":{"minecraft:open_chest":4,"minecraft:time_since_rest":9054,"minecraft:crouch_one_cm":450,"minecraft:play_time":9054,"minecraft:sprint_one_cm":61528,"minecraft:damage_taken":200,"minecraft:walk_one_cm":29123,"minecraft:sneak_time":108,"minecraft:walk_under_water_one_cm":54,"minecraft:mob_kills":1,"minecraft:jump":85,"minecraft:damage_dealt":119,"minecraft:time_since_death":9054,"minecraft:walk_on_water_one_cm":528,"minecraft:total_world_time":9054,"minecraft:interact_with_crafting_table":1,"minecraft:fall_one_cm":418,"minecraft:fly_one_cm":13291},"minecraft:used":{"minecraft:bread":1},"minecraft:killed":{"minecraft:zombie":1},"minecraft:mined":{"minecraft:grass":2,"treechop:chopped_log":1,"minecraft:cake":1},"minecraft:picked_up":{"minecraft:wheat":2,"minecraft:arrow":2,"minecraft:rotten_flesh":4,"minecraft:wheat_seeds":2,"minecraft:acacia_log":7,"minecraft:acacia_sapling":5,"minecraft:egg":1}},"DataVersion":3465}