{"stats":{"minecraft:crafted":{"minecraft:wooden_sword":1,"minecraft:crafting_table":1,"minecraft:wooden_pickaxe":1,"minecraft:stick":8,"minecraft:stone_pickaxe":1,"minecraft:wooden_axe":1,"minecraft:stone_sword":1,"minecraft:acacia_planks":20},"minecraft:custom":{"minecraft:mob_kills":2,"minecraft:interact_with_crafting_table":4,"minecraft:bell_ring":21,"minecraft:time_since_death":57054,"minecraft:sleep_in_bed":1,"minecraft:climb_one_cm":4366,"minecraft:time_since_rest":23194,"minecraft:sprint_one_cm":189283,"minecraft:damage_taken":723,"minecraft:walk_one_cm":211741,"minecraft:drop":11,"minecraft:damage_dealt":320,"minecraft:swim_one_cm":5071,"minecraft:talked_to_villager":2,"minecraft:fly_one_cm":35613,"minecraft:open_chest":5,"minecraft:crouch_one_cm":2749,"minecraft:play_time":57054,"minecraft:sneak_time":1244,"minecraft:walk_under_water_one_cm":54,"minecraft:jump":733,"minecraft:walk_on_water_one_cm":7773,"minecraft:total_world_time":57054,"minecraft:fall_one_cm":11069},"minecraft:used":{"minecraft:stone_pickaxe":64,"minecraft:wooden_pickaxe":59,"minecraft:orange_bed":1,"minecraft:torch":1,"minecraft:dirt":16,"minecraft:crafting_table":2,"minecraft:granite":4,"minecraft:wooden_axe":14,"minecraft:melon_slice":41,"minecraft:bread":1,"minecraft:wooden_sword":4,"minecraft:acacia_planks":12},"minecraft:killed":{"minecraft:zombie":1},"minecraft:dropped":{"minecraft:dirt":8,"minecraft:andesite":3,"minecraft:melon_slice":3,"minecraft:leather_boots":1,"minecraft:brown_carpet":4,"minecraft:paper":5,"minecraft:dandelion":1},"minecraft:mined":{"minecraft:clay":4,"minecraft:crafting_table":2,"minecraft:torch":1,"minecraft:granite":4,"minecraft:grass_block":3,"minecraft:melon":32,"minecraft:copper_ore":2,"minecraft:moss_block":1,"minecraft:wall_torch":2,"minecraft:spruce_stairs":1,"minecraft:iron_ore":6,"minecraft:andesite":7,"treechop:chopped_log":3,"minecraft:grass":19,"minecraft:coal_ore":64,"minecraft:cocoa":2,"minecraft:dirt":13,"minecraft:bamboo":3,"minecraft:acacia_planks":4,"minecraft:stone":19,"minecraft:orange_bed":2,"minecraft:cake":1,"minecraft:oak_leaves":2,"minecraft:fern":3},"minecraft:picked_up":{"minecraft:cocoa_beans":9,"minecraft:crafting_table":2,"minecraft:wheat":2,"minecraft:andesite":3,"minecraft:flint":1,"minecraft:string":2,"minecraft:dirt":24,"minecraft:moss_carpet":1,"minecraft:raw_copper":5,"minecraft:wooden_sword":1,"minecraft:bone":2,"minecraft:acacia_planks":8,"minecraft:wheat_seeds":12,"minecraft:spruce_planks":1,"minecraft:iron_ingot":1,"minecraft:bamboo":10,"minecraft:melon_slice":185,"minecraft:moss_block":2,"minecraft:acacia_sapling":22,"minecraft:flowering_azalea":4,"minecraft:egg":3,"minecraft:stick":3,"minecraft:raw_iron":5,"minecraft:dandelion":1,"minecraft:torch":3,"minecraft:acacia_log":26,"minecraft:spruce_stairs":1,"minecraft:gravel":1,"minecraft:sand":1,"minecraft:brown_carpet":4,"minecraft:orange_bed":2,"minecraft:rotten_flesh":5,"minecraft:arrow":2,"minecraft:granite":4,"minecraft:bread":9,"minecraft:coal":64,"minecraft:white_wool":1,"minecraft:cobblestone":26},"minecraft:broken":{"minecraft:wooden_pickaxe":1}},"DataVersion":3465}