{"stats":{"minecraft:crafted":{"minecraft:wooden_sword":1,"minecraft:furnace":2,"minecraft:acacia_fence_gate":1,"minecraft:bow":1,"minecraft:iron_boots":1,"minecraft:stone_pickaxe":3,"minecraft:acacia_fence":9,"minecraft:crafting_table":3,"minecraft:wooden_pickaxe":2,"minecraft:iron_helmet":1,"minecraft:stone_axe":1,"minecraft:iron_chestplate":1,"minecraft:stick":72,"minecraft:iron_ingot":24,"minecraft:wooden_axe":1,"minecraft:stone_sword":2,"minecraft:iron_leggings":1,"minecraft:acacia_planks":104,"minecraft:torch":12},"minecraft:custom":{"minecraft:mob_kills":7,"minecraft:interact_with_crafting_table":31,"minecraft:bell_ring":21,"minecraft:eat_cake_slice":1,"minecraft:leave_game":2,"minecraft:time_since_death":205721,"minecraft:climb_one_cm":6510,"minecraft:sprint_one_cm":936789,"minecraft:walk_one_cm":738183,"minecraft:drop":23,"minecraft:talked_to_villager":6,"minecraft:play_time":205721,"minecraft:sneak_time":2926,"minecraft:walk_under_water_one_cm":88,"minecraft:boat_one_cm":63857,"minecraft:interact_with_lectern":1,"minecraft:jump":2042,"minecraft:walk_on_water_one_cm":8126,"minecraft:total_world_time":205721,"minecraft:interact_with_furnace":8,"minecraft:interact_with_stonecutter":1,"minecraft:sleep_in_bed":10,"minecraft:time_since_rest":27450,"minecraft:damage_taken":1780,"minecraft:damage_dealt":1525,"minecraft:swim_one_cm":5071,"minecraft:fly_one_cm":180153,"minecraft:open_chest":37,"minecraft:crouch_one_cm":4284,"minecraft:fall_one_cm":26757,"minecraft:horse_one_cm":172742},"minecraft:used":{"minecraft:oak_fence":6,"minecraft:writable_book":2,"minecraft:iron_bars":6,"minecraft:stone_sword":40,"minecraft:chest":2,"minecraft:iron_chestplate":1,"minecraft:orange_bed":2,"minecraft:torch":8,"minecraft:dirt":18,"minecraft:spruce_stairs":1,"minecraft:granite":4,"minecraft:wooden_axe":17,"minecraft:lantern":1,"minecraft:bow":2,"minecraft:sweet_berries":2,"minecraft:furnace":1,"minecraft:acacia_fence":8,"minecraft:potato":8,"minecraft:acacia_planks":12,"minecraft:stone_pickaxe":394,"minecraft:oak_planks":2,"minecraft:leather_chestplate":1,"minecraft:wooden_pickaxe":118,"minecraft:spruce_sign":1,"minecraft:crafting_table":6,"minecraft:apple":1,"minecraft:melon_slice":96,"minecraft:bread":22,"minecraft:lectern":1,"minecraft:acacia_fence_gate":1,"minecraft:stone_axe":8,"minecraft:wooden_sword":41,"minecraft:cobblestone":14},"minecraft:killed":{"minecraft:skeleton":1,"minecraft:pig":1,"minecraft:zombie":3,"minecraft:villager":1},"minecraft:dropped":{"minecraft:wheat_seeds":12,"minecraft:saddle":1,"minecraft:flint":1,"minecraft:dirt":8,"minecraft:melon_slice":3,"minecraft:map":2,"minecraft:writable_book":2,"minecraft:paper":5,"minecraft:dandelion":2,"minecraft:gravel":1,"minecraft:cooked_chicken":1,"minecraft:stone_sword":1,"minecraft:spruce_planks":1,"minecraft:andesite":3,"minecraft:leather_boots":1,"minecraft:acacia_sapling":22,"minecraft:brown_carpet":4},"minecraft:mined":{"minecraft:granite":4,"minecraft:grass_block":5,"minecraft:oak_pressure_plate":2,"minecraft:moss_block":1,"minecraft:iron_ore":27,"minecraft:andesite":7,"minecraft:pumpkin":1,"treechop:chopped_log":3,"minecraft:iron_bars":8,"minecraft:lantern":1,"minecraft:bamboo":3,"minecraft:stone":134,"minecraft:cake":1,"minecraft:orange_bed":2,"minecraft:oak_fence":5,"minecraft:clay":4,"minecraft:crafting_table":5,"minecraft:torch":3,"minecraft:melon":38,"minecraft:chest":2,"minecraft:lectern":2,"minecraft:spruce_wall_sign":1,"minecraft:cobblestone":2,"minecraft:tall_grass":3,"minecraft:copper_ore":2,"minecraft:lapis_ore":5,"minecraft:oak_planks":2,"minecraft:wall_torch":6,"minecraft:spruce_stairs":1,"minecraft:grass":22,"minecraft:coal_ore":292,"minecraft:cocoa":2,"minecraft:acacia_fence":2,"minecraft:dirt":13,"minecraft:cobweb":30,"minecraft:acacia_planks":4,"minecraft:oak_leaves":8,"minecraft:fern":3},"minecraft:picked_up":{"minecraft:cocoa_beans":9,"minecraft:crafting_table":5,"minecraft:wheat":3,"minecraft:shield":1,"minecraft:string":32,"minecraft:moss_carpet":1,"minecraft:raw_copper":5,"minecraft:wooden_sword":1,"minecraft:item_frame":2,"minecraft:spruce_planks":1,"minecraft:lectern":2,"minecraft:melon_slice":217,"minecraft:chest":2,"minecraft:egg":5,"minecraft:raw_iron":26,"minecraft:stick":3,"minecraft:acacia_fence":2,"minecraft:oak_fence":6,"minecraft:torch":9,"minecraft:acacia_log":26,"minecraft:spruce_stairs":1,"minecraft:porkchop":3,"minecraft:carrot":29,"minecraft:redstone":1,"minecraft:brown_carpet":4,"minecraft:orange_bed":2,"minecraft:stone_sword":1,"minecraft:arrow":5,"minecraft:rotten_flesh":6,"minecraft:glow_berries":2,"minecraft:iron_bars":8,"minecraft:white_wool":1,"minecraft:cobblestone":143,"minecraft:cooked_beef":1,"minecraft:andesite":3,"minecraft:potato":7,"minecraft:filled_map":3,"minecraft:flint":1,"minecraft:lapis_lazuli":35,"minecraft:dirt":26,"minecraft:lantern":1,"minecraft:bone":12,"minecraft:acacia_planks":8,"minecraft:wheat_seeds":14,"minecraft:iron_ingot":1,"minecraft:cooked_chicken":1,"minecraft:bamboo":10,"minecraft:moss_block":2,"minecraft:flowering_azalea":4,"minecraft:oak_planks":2,"minecraft:acacia_sapling":23,"minecraft:cooked_porkchop":1,"minecraft:pumpkin":1,"minecraft:sweet_berries":16,"minecraft:dandelion":2,"minecraft:oak_pressure_plate":2,"minecraft:gravel":1,"minecraft:sand":1,"minecraft:writable_book":2,"minecraft:granite":4,"minecraft:bread":10,"minecraft:spruce_sign":1,"minecraft:emerald":4,"minecraft:oak_sapling":1,"minecraft:coal":292},"minecraft:broken":{"minecraft:wooden_pickaxe":2,"minecraft:stone_pickaxe":3,"minecraft:wooden_sword":1}},"DataVersion":3465}