{"stats":{"minecraft:crafted":{"minecraft:wooden_sword":1,"minecraft:crafting_table":1,"minecraft:stick":8,"minecraft:wooden_pickaxe":1,"minecraft:wooden_axe":1,"minecraft:acacia_planks":20},"minecraft:custom":{"minecraft:time_since_rest":21054,"minecraft:sprint_one_cm":107025,"minecraft:damage_taken":208,"minecraft:walk_one_cm":78235,"minecraft:mob_kills":1,"minecraft:drop":2,"minecraft:damage_dealt":126,"minecraft:interact_with_crafting_table":3,"minecraft:talked_to_villager":2,"minecraft:fly_one_cm":17028,"minecraft:open_chest":4,"minecraft:crouch_one_cm":1272,"minecraft:play_time":21054,"minecraft:sneak_time":543,"minecraft:bell_ring":21,"minecraft:walk_under_water_one_cm":54,"minecraft:jump":124,"minecraft:walk_on_water_one_cm":1333,"minecraft:time_since_death":21054,"minecraft:total_world_time":21054,"minecraft:fall_one_cm":836},"minecraft:used":{"minecraft:wooden_axe":1,"minecraft:bread":1,"minecraft:melon_slice":15,"minecraft:wooden_pickaxe":10,"minecraft:crafting_table":1},"minecraft:killed":{"minecraft:zombie":1},"minecraft:dropped":{"minecraft:dirt":1,"minecraft:dandelion":1},"minecraft:mined":{"treechop:chopped_log":3,"minecraft:crafting_table":1,"minecraft:grass":7,"minecraft:melon":20,"minecraft:cake":1,"minecraft:orange_bed":1},"minecraft:picked_up":{"minecraft:crafting_table":1,"minecraft:wheat":2,"minecraft:acacia_log":26,"minecraft:dandelion":1,"minecraft:dirt":1,"minecraft:orange_bed":1,"minecraft:arrow":2,"minecraft:rotten_flesh":4,"minecraft:wheat_seeds":3,"minecraft:melon_slice":95,"minecraft:acacia_sapling":11,"minecraft:egg":3}},"DataVersion":3465}