{"stats":{"minecraft:crafted":{"minecraft:wooden_sword":1,"minecraft:crafting_table":1,"minecraft:stone_pickaxe":1,"minecraft:stick":8,"minecraft:stone_sword":1,"minecraft:wooden_pickaxe":1,"minecraft:wooden_axe":1,"minecraft:acacia_planks":20},"minecraft:custom":{"minecraft:time_since_rest":11194,"minecraft:sprint_one_cm":184498,"minecraft:damage_taken":556,"minecraft:walk_one_cm":172805,"minecraft:mob_kills":2,"minecraft:drop":5,"minecraft:damage_dealt":320,"minecraft:swim_one_cm":5071,"minecraft:interact_with_crafting_table":4,"minecraft:talked_to_villager":2,"minecraft:fly_one_cm":32236,"minecraft:open_chest":5,"minecraft:crouch_one_cm":2067,"minecraft:play_time":45054,"minecraft:sneak_time":840,"minecraft:bell_ring":21,"minecraft:walk_under_water_one_cm":54,"minecraft:jump":515,"minecraft:walk_on_water_one_cm":6057,"minecraft:time_since_death":45054,"minecraft:sleep_in_bed":1,"minecraft:climb_one_cm":3692,"minecraft:total_world_time":45054,"minecraft:fall_one_cm":5869},"minecraft:used":{"minecraft:wooden_axe":14,"minecraft:bread":1,"minecraft:melon_slice":35,"minecraft:wooden_pickaxe":59,"minecraft:orange_bed":1,"minecraft:torch":1,"minecraft:wooden_sword":4,"minecraft:crafting_table":2,"minecraft:acacia_planks":12},"minecraft:killed":{"minecraft:zombie":1},"minecraft:dropped":{"minecraft:dirt":1,"minecraft:melon_slice":3,"minecraft:dandelion":1},"minecraft:mined":{"minecraft:spruce_stairs":1,"treechop:chopped_log":3,"minecraft:crafting_table":2,"minecraft:torch":1,"minecraft:grass_block":3,"minecraft:grass":19,"minecraft:coal_ore":31,"minecraft:cocoa":2,"minecraft:melon":32,"minecraft:dirt":11,"minecraft:bamboo":3,"minecraft:acacia_planks":4,"minecraft:stone":7,"minecraft:wall_torch":2,"minecraft:cake":1,"minecraft:oak_leaves":2,"minecraft:fern":3,"minecraft:orange_bed":2},"minecraft:picked_up":{"minecraft:stick":3,"minecraft:cocoa_beans":9,"minecraft:crafting_table":2,"minecraft:wheat":2,"minecraft:torch":3,"minecraft:acacia_log":26,"minecraft:dandelion":1,"minecraft:spruce_stairs":1,"minecraft:sand":1,"minecraft:bone":2,"minecraft:moss_carpet":1,"minecraft:dirt":17,"minecraft:brown_carpet":4,"minecraft:orange_bed":2,"minecraft:acacia_planks":8,"minecraft:arrow":2,"minecraft:rotten_flesh":4,"minecraft:wheat_seeds":8,"minecraft:spruce_planks":1,"minecraft:iron_ingot":1,"minecraft:moss_block":2,"minecraft:white_wool":1,"minecraft:bamboo":10,"minecraft:melon_slice":185,"minecraft:coal":31,"minecraft:acacia_sapling":11,"minecraft:cobblestone":7,"minecraft:egg":3},"minecraft:broken":{"minecraft:wooden_pickaxe":1}},"DataVersion":3465}