{"stats":{"minecraft:crafted":{"minecraft:wooden_sword":1,"minecraft:crafting_table":1,"minecraft:wooden_pickaxe":1,"minecraft:furnace":1,"minecraft:stone_axe":1,"minecraft:bow":1,"minecraft:stick":72,"minecraft:stone_pickaxe":1,"minecraft:wooden_axe":1,"minecraft:stone_sword":2,"minecraft:acacia_planks":104},"minecraft:custom":{"minecraft:interact_with_furnace":2,"minecraft:mob_kills":4,"minecraft:interact_with_crafting_table":11,"minecraft:bell_ring":21,"minecraft:eat_cake_slice":1,"minecraft:time_since_death":105054,"minecraft:sleep_in_bed":2,"minecraft:climb_one_cm":6086,"minecraft:time_since_rest":24238,"minecraft:sprint_one_cm":409154,"minecraft:damage_taken":1078,"minecraft:walk_one_cm":426401,"minecraft:drop":21,"minecraft:damage_dealt":1033,"minecraft:swim_one_cm":5071,"minecraft:talked_to_villager":5,"minecraft:fly_one_cm":73256,"minecraft:open_chest":21,"minecraft:crouch_one_cm":2997,"minecraft:play_time":105054,"minecraft:sneak_time":1371,"minecraft:walk_under_water_one_cm":54,"minecraft:boat_one_cm":63857,"minecraft:jump":1121,"minecraft:walk_on_water_one_cm":7885,"minecraft:total_world_time":105054,"minecraft:fall_one_cm":14228},"minecraft:used":{"minecraft:writable_book":2,"minecraft:iron_bars":6,"minecraft:stone_sword":25,"minecraft:stone_pickaxe":76,"minecraft:oak_planks":2,"minecraft:chest":2,"minecraft:wooden_pickaxe":59,"minecraft:spruce_sign":1,"minecraft:orange_bed":2,"minecraft:torch":3,"minecraft:dirt":16,"minecraft:crafting_table":4,"minecraft:spruce_stairs":1,"minecraft:granite":4,"minecraft:wooden_axe":17,"minecraft:lantern":1,"minecraft:melon_slice":68,"minecraft:bread":7,"minecraft:stone_axe":1,"minecraft:wooden_sword":41,"minecraft:furnace":1,"minecraft:acacia_planks":12},"minecraft:killed":{"minecraft:skeleton":1,"minecraft:zombie":1,"minecraft:villager":1},"minecraft:dropped":{"minecraft:gravel":1,"minecraft:wheat_seeds":12,"minecraft:cooked_chicken":1,"minecraft:flint":1,"minecraft:dirt":8,"minecraft:spruce_planks":1,"minecraft:andesite":3,"minecraft:melon_slice":3,"minecraft:leather_boots":1,"minecraft:acacia_sapling":22,"minecraft:map":2,"minecraft:writable_book":2,"minecraft:brown_carpet":4,"minecraft:paper":5,"minecraft:dandelion":2},"minecraft:mined":{"minecraft:clay":4,"minecraft:crafting_table":3,"minecraft:torch":1,"minecraft:granite":4,"minecraft:grass_block":3,"minecraft:melon":38,"minecraft:chest":2,"minecraft:lectern":1,"minecraft:oak_pressure_plate":2,"minecraft:spruce_wall_sign":1,"minecraft:tall_grass":1,"minecraft:copper_ore":2,"minecraft:oak_planks":2,"minecraft:moss_block":1,"minecraft:wall_torch":3,"minecraft:spruce_stairs":1,"minecraft:iron_ore":6,"minecraft:andesite":7,"treechop:chopped_log":3,"minecraft:grass":19,"minecraft:coal_ore":64,"minecraft:cocoa":2,"minecraft:iron_bars":8,"minecraft:lantern":1,"minecraft:dirt":13,"minecraft:cobweb":30,"minecraft:bamboo":3,"minecraft:acacia_planks":4,"minecraft:stone":19,"minecraft:orange_bed":2,"minecraft:cake":1,"minecraft:oak_leaves":4,"minecraft:fern":3},"minecraft:picked_up":{"minecraft:cocoa_beans":9,"minecraft:crafting_table":3,"minecraft:wheat":3,"minecraft:cooked_beef":1,"minecraft:andesite":3,"minecraft:flint":1,"minecraft:shield":1,"minecraft:lantern":1,"minecraft:string":32,"minecraft:dirt":24,"minecraft:moss_carpet":1,"minecraft:raw_copper":5,"minecraft:wooden_sword":1,"minecraft:item_frame":2,"minecraft:bone":5,"minecraft:acacia_planks":8,"minecraft:wheat_seeds":13,"minecraft:spruce_planks":1,"minecraft:iron_ingot":1,"minecraft:cooked_chicken":1,"minecraft:lectern":1,"minecraft:bamboo":10,"minecraft:melon_slice":217,"minecraft:moss_block":2,"minecraft:chest":2,"minecraft:oak_planks":2,"minecraft:acacia_sapling":23,"minecraft:flowering_azalea":4,"minecraft:egg":4,"minecraft:stick":3,"minecraft:raw_iron":5,"minecraft:cooked_porkchop":1,"minecraft:oak_pressure_plate":2,"minecraft:dandelion":2,"minecraft:torch":4,"minecraft:acacia_log":26,"minecraft:spruce_stairs":1,"minecraft:gravel":1,"minecraft:sand":1,"minecraft:carrot":14,"minecraft:redstone":1,"minecraft:brown_carpet":4,"minecraft:orange_bed":2,"minecraft:rotten_flesh":5,"minecraft:arrow":5,"minecraft:writable_book":2,"minecraft:granite":4,"minecraft:emerald":2,"minecraft:spruce_sign":1,"minecraft:bread":10,"minecraft:iron_bars":8,"minecraft:glow_berries":2,"minecraft:coal":64,"minecraft:white_wool":1,"minecraft:cobblestone":26},"minecraft:broken":{"minecraft:wooden_sword":1,"minecraft:wooden_pickaxe":1}},"DataVersion":3465}