{"stats":{"minecraft:crafted":{"minecraft:wooden_sword":1,"minecraft:furnace":1,"minecraft:acacia_fence_gate":1,"minecraft:bow":1,"minecraft:iron_boots":1,"minecraft:stone_pickaxe":3,"minecraft:acacia_fence":9,"minecraft:crafting_table":2,"minecraft:wooden_pickaxe":2,"minecraft:stone_axe":1,"minecraft:stick":72,"minecraft:iron_ingot":13,"minecraft:wooden_axe":1,"minecraft:stone_sword":2,"minecraft:acacia_planks":104},"minecraft:custom":{"minecraft:mob_kills":6,"minecraft:interact_with_crafting_table":25,"minecraft:bell_ring":21,"minecraft:eat_cake_slice":1,"minecraft:leave_game":1,"minecraft:time_since_death":161889,"minecraft:climb_one_cm":6510,"minecraft:sprint_one_cm":673569,"minecraft:walk_one_cm":635787,"minecraft:drop":22,"minecraft:talked_to_villager":6,"minecraft:play_time":161889,"minecraft:sneak_time":2733,"minecraft:walk_under_water_one_cm":54,"minecraft:boat_one_cm":63857,"minecraft:interact_with_lectern":1,"minecraft:jump":1542,"minecraft:walk_on_water_one_cm":7885,"minecraft:total_world_time":161889,"minecraft:interact_with_furnace":7,"minecraft:interact_with_stonecutter":1,"minecraft:sleep_in_bed":8,"minecraft:time_since_rest":910,"minecraft:damage_taken":1518,"minecraft:damage_dealt":1356,"minecraft:swim_one_cm":5071,"minecraft:fly_one_cm":125449,"minecraft:open_chest":34,"minecraft:crouch_one_cm":4060,"minecraft:fall_one_cm":21727,"minecraft:horse_one_cm":94312},"minecraft:used":{"minecraft:oak_fence":6,"minecraft:writable_book":2,"minecraft:iron_bars":6,"minecraft:stone_sword":36,"minecraft:chest":2,"minecraft:orange_bed":2,"minecraft:torch":3,"minecraft:dirt":16,"minecraft:spruce_stairs":1,"minecraft:granite":4,"minecraft:wooden_axe":17,"minecraft:lantern":1,"minecraft:bow":1,"minecraft:furnace":1,"minecraft:acacia_fence":7,"minecraft:potato":8,"minecraft:acacia_planks":12,"minecraft:stone_pickaxe":128,"minecraft:oak_planks":2,"minecraft:wooden_pickaxe":80,"minecraft:spruce_sign":1,"minecraft:crafting_table":5,"minecraft:apple":1,"minecraft:melon_slice":88,"minecraft:bread":15,"minecraft:lectern":1,"minecraft:acacia_fence_gate":1,"minecraft:stone_axe":7,"minecraft:wooden_sword":41},"minecraft:killed":{"minecraft:skeleton":1,"minecraft:pig":1,"minecraft:zombie":2,"minecraft:villager":1},"minecraft:dropped":{"minecraft:wheat_seeds":12,"minecraft:flint":1,"minecraft:dirt":8,"minecraft:melon_slice":3,"minecraft:map":2,"minecraft:writable_book":2,"minecraft:paper":5,"minecraft:dandelion":2,"minecraft:gravel":1,"minecraft:cooked_chicken":1,"minecraft:stone_sword":1,"minecraft:spruce_planks":1,"minecraft:andesite":3,"minecraft:leather_boots":1,"minecraft:acacia_sapling":22,"minecraft:brown_carpet":4},"minecraft:mined":{"minecraft:granite":4,"minecraft:grass_block":4,"minecraft:oak_pressure_plate":2,"minecraft:moss_block":1,"minecraft:iron_ore":25,"minecraft:andesite":7,"treechop:chopped_log":3,"minecraft:iron_bars":8,"minecraft:lantern":1,"minecraft:bamboo":3,"minecraft:stone":26,"minecraft:cake":1,"minecraft:orange_bed":2,"minecraft:oak_fence":5,"minecraft:clay":4,"minecraft:crafting_table":4,"minecraft:torch":1,"minecraft:melon":38,"minecraft:chest":2,"minecraft:lectern":2,"minecraft:spruce_wall_sign":1,"minecraft:tall_grass":3,"minecraft:copper_ore":2,"minecraft:oak_planks":2,"minecraft:wall_torch":3,"minecraft:spruce_stairs":1,"minecraft:grass":22,"minecraft:coal_ore":110,"minecraft:cocoa":2,"minecraft:acacia_fence":1,"minecraft:dirt":13,"minecraft:cobweb":30,"minecraft:acacia_planks":4,"minecraft:oak_leaves":6,"minecraft:fern":3},"minecraft:picked_up":{"minecraft:cocoa_beans":9,"minecraft:crafting_table":4,"minecraft:wheat":3,"minecraft:shield":1,"minecraft:string":32,"minecraft:moss_carpet":1,"minecraft:raw_copper":5,"minecraft:wooden_sword":1,"minecraft:item_frame":2,"minecraft:spruce_planks":1,"minecraft:lectern":2,"minecraft:melon_slice":217,"minecraft:chest":2,"minecraft:egg":4,"minecraft:raw_iron":24,"minecraft:stick":3,"minecraft:acacia_fence":1,"minecraft:oak_fence":6,"minecraft:torch":4,"minecraft:acacia_log":26,"minecraft:spruce_stairs":1,"minecraft:porkchop":3,"minecraft:carrot":28,"minecraft:redstone":1,"minecraft:brown_carpet":4,"minecraft:orange_bed":2,"minecraft:stone_sword":1,"minecraft:arrow":5,"minecraft:rotten_flesh":6,"minecraft:glow_berries":2,"minecraft:iron_bars":8,"minecraft:white_wool":1,"minecraft:cobblestone":33,"minecraft:cooked_beef":1,"minecraft:andesite":3,"minecraft:potato":7,"minecraft:filled_map":3,"minecraft:flint":1,"minecraft:dirt":25,"minecraft:lantern":1,"minecraft:bone":5,"minecraft:acacia_planks":8,"minecraft:wheat_seeds":14,"minecraft:iron_ingot":1,"minecraft:cooked_chicken":1,"minecraft:bamboo":10,"minecraft:moss_block":2,"minecraft:flowering_azalea":4,"minecraft:oak_planks":2,"minecraft:acacia_sapling":23,"minecraft:cooked_porkchop":1,"minecraft:dandelion":2,"minecraft:oak_pressure_plate":2,"minecraft:gravel":1,"minecraft:sand":1,"minecraft:writable_book":2,"minecraft:granite":4,"minecraft:bread":10,"minecraft:spruce_sign":1,"minecraft:emerald":4,"minecraft:oak_sapling":1,"minecraft:coal":110},"minecraft:broken":{"minecraft:wooden_pickaxe":1,"minecraft:stone_pickaxe":1,"minecraft:wooden_sword":1}},"DataVersion":3465}