{"stats":{"minecraft:crafted":{"minecraft:brick":4,"minecraft:oak_planks":100,"refurbished_furniture:spatula":1,"minecraft:cobblestone_stairs":100,"refurbished_furniture:knife":1,"minecraft:cooked_mutton":3,"minecraft:iron_boots":1,"minecraft:chest":4,"refurbished_furniture:light_electricity_generator":1,"minecraft:wooden_shovel":1,"minecraft:cooked_porkchop":3,"minecraft:crafting_table":4,"farmersdelight:iron_knife":1,"minecraft:wooden_pickaxe":1,"minecraft:iron_helmet":1,"farmersdelight:skillet":1,"farmersdelight:cutting_board":1,"minecraft:iron_chestplate":1,"minecraft:shield":1,"minecraft:stick":22,"minecraft:iron_ingot":69,"minecraft:iron_pickaxe":1,"minecraft:furnace":1,"minecraft:iron_axe":1,"minecraft:stone_pickaxe":3,"minecraft:redstone_block":1,"minecraft:wheat":378,"minecraft:bowl":4,"farmersdelight:cooking_pot":1,"minecraft:bucket":1,"minecraft:stone_axe":1,"minecraft:bread":126,"minecraft:air":0,"minecraft:oak_boat":2,"minecraft:iron_leggings":1,"minecraft:acacia_planks":12,"minecraft:torch":36},"minecraft:custom":{"minecraft:interact_with_crafting_table":39,"minecraft:open_barrel":5,"minecraft:bell_ring":3,"minecraft:eat_cake_slice":4,"minecraft:leave_game":2,"minecraft:time_since_death":22752,"minecraft:sprint_one_cm":830938,"minecraft:damage_blocked_by_shield":1120,"minecraft:drop":114,"minecraft:talked_to_villager":6,"minecraft:play_time":289395,"minecraft:deaths":8,"minecraft:jump":5744,"minecraft:walk_on_water_one_cm":24402,"minecraft:interact_with_furnace":52,"minecraft:sleep_in_bed":13,"minecraft:damage_dealt":6266,"minecraft:crouch_one_cm":41686,"minecraft:inspect_dispenser":1,"minecraft:horse_one_cm":38186,"minecraft:mob_kills":32,"minecraft:climb_one_cm":15278,"minecraft:walk_one_cm":674071,"minecraft:sneak_time":21741,"minecraft:walk_under_water_one_cm":11072,"minecraft:boat_one_cm":323685,"minecraft:interact_with_lectern":1,"minecraft:total_world_time":289395,"minecraft:time_since_rest":22780,"minecraft:damage_taken":3973,"minecraft:swim_one_cm":30629,"minecraft:fly_one_cm":948758,"minecraft:open_chest":158,"minecraft:fall_one_cm":140072},"minecraft:used":{"minecraft:writable_book":1,"minecraft:chest":5,"minecraft:shield":23,"minecraft:iron_sword":43,"minecraft:quartz_stairs":1,"minecraft:iron_chestplate":1,"minecraft:acacia_sapling":12,"minecraft:tuff":11,"minecraft:iron_helmet":1,"farmersdelight:cutting_board":1,"minecraft:scaffolding":1,"minecraft:furnace":2,"minecraft:egg":2,"minecraft:stone_pickaxe":181,"minecraft:oak_planks":7,"minecraft:wooden_pickaxe":15,"minecraft:blast_furnace":1,"farmersdelight:rice":6,"minecraft:zombie_head":1,"minecraft:bread":54,"minecraft:oak_boat":2,"minecraft:experience_bottle":1,"minecraft:oak_fence":1,"minecraft:stone_sword":2,"minecraft:acacia_log":10,"minecraft:armor_stand":2,"minecraft:cooked_chicken":5,"minecraft:orange_bed":4,"minecraft:torch":54,"minecraft:dirt":22,"minecraft:spruce_stairs":2,"minecraft:iron_axe":89,"minecraft:iron_boots":1,"farmersdelight:cooking_pot":1,"minecraft:acacia_planks":7,"minecraft:cobbled_deepslate":4,"minecraft:iron_leggings":1,"minecraft:cooked_mutton":3,"farmersdelight:iron_knife":2,"minecraft:water_bucket":4,"minecraft:cobblestone_stairs":14,"farmersdelight:skillet":1,"minecraft:oak_slab":10,"minecraft:crafting_table":7,"minecraft:white_bed":3,"minecraft:oak_log":4,"minecraft:cornflower":1,"minecraft:iron_pickaxe":1002,"minecraft:map":3,"refurbished_furniture:light_electricity_generator":1,"minecraft:stone_axe":113,"minecraft:cobblestone":50,"minecraft:white_banner":2,"minecraft:cooked_porkchop":2,"minecraft:bucket":6},"minecraft:killed":{"minecraft:skeleton":2,"minecraft:chicken":1,"minecraft:pig":2,"minecraft:creeper":1,"minecraft:sheep":4,"minecraft:pillager":1,"minecraft:donkey":1,"minecraft:zombie":16,"minecraft:horse":3,"takesapillage:clay_golem":1},"minecraft:dropped":{"farmersdelight:iron_knife":1,"minecraft:iron_sword":1,"minecraft:cooked_porkchop":1,"minecraft:lantern":8,"minecraft:item_frame":2,"minecraft:dirt":4,"minecraft:writable_book":1,"minecraft:sand":1,"minecraft:white_wool":2,"minecraft:bone":1,"minecraft:sugar_cane":9,"minecraft:cobbled_deepslate":64,"minecraft:rotten_flesh":3,"minecraft:oak_planks":17,"minecraft:cooked_mutton":1,"minecraft:poppy":1,"minecraft:beetroot_seeds":1,"minecraft:stone_brick_wall":2,"minecraft:acacia_sapling":5,"minecraft:polished_granite":1,"minecraft:egg":2,"minecraft:bread":32,"minecraft:wheat_seeds":3,"minecraft:tnt":2,"minecraft:iron_helmet":1,"minecraft:feather":1,"minecraft:cobblestone":1,"minecraft:stick":1,"minecraft:rose_bush":1,"minecraft:zombie_head":1,"minecraft:iron_leggings":1,"minecraft:oak_stairs":1,"minecraft:chainmail_leggings":2,"minecraft:iron_shovel":1,"minecraft:string":1,"minecraft:acacia_planks":5,"minecraft:dandelion":1,"minecraft:stone_sword":2,"minecraft:iron_boots":4,"minecraft:filled_map":7,"minecraft:allium":3,"minecraft:spruce_planks":1,"minecraft:andesite":3,"minecraft:oak_sapling":1,"minecraft:stone_bricks":5,"minecraft:bell":1},"minecraft:mined":{"minecraft:spruce_planks":1,"minecraft:white_bed":3,"minecraft:cobblestone_stairs":4,"minecraft:brewing_stand":1,"minecraft:granite":1,"minecraft:acacia_log":9,"minecraft:grass_block":15,"minecraft:stone_brick_wall":2,"minecraft:oak_pressure_plate":3,"minecraft:coal_block":32,"minecraft:hopper":1,"minecraft:chiseled_stone_bricks":1,"minecraft:spawner":1,"minecraft:tall_seagrass":3,"minecraft:dark_oak_trapdoor":6,"farmersdelight:rice":3,"minecraft:iron_ore":113,"minecraft:cobbled_deepslate":2,"minecraft:fire":1,"minecraft:deepslate_lapis_ore":10,"minecraft:oak_stairs":1,"minecraft:iron_block":4,"minecraft:orange_bed":5,"minecraft:deepslate_redstone_ore":7,"minecraft:kelp_plant":14,"minecraft:clay":2,"minecraft:torch":3,"minecraft:blast_furnace":2,"minecraft:poppy":2,"minecraft:melon":2,"minecraft:chest":1,"minecraft:cobblestone":3,"minecraft:sugar_cane":5,"minecraft:iron_door":2,"minecraft:wall_torch":6,"minecraft:seagrass":3,"farmersdelight:sandy_shrub":3,"minecraft:wheat":2,"minecraft:tnt":1,"minecraft:grass":49,"minecraft:oak_log":4,"minecraft:sand":1,"minecraft:dirt":31,"minecraft:dispenser":1,"minecraft:stonecutter":1,"minecraft:piston":1,"minecraft:oak_leaves":12,"minecraft:deepslate":505,"minecraft:tuff":57,"minecraft:quartz_stairs":1,"minecraft:redstone_wire":10,"farmersdelight:tomatoes":1,"minecraft:kelp":4,"minecraft:hay_block":42,"farmersdelight:wild_onions":1,"minecraft:furnace":2,"minecraft:andesite":1,"treechop:chopped_log":6,"minecraft:bell":1,"minecraft:bookshelf":3,"minecraft:deepslate_iron_ore":15,"minecraft:lantern":2,"minecraft:bamboo":1,"minecraft:stone":299,"minecraft:smithing_table":1,"minecraft:oak_slab":7,"minecraft:lily_of_the_valley":1,"minecraft:polished_granite":1,"minecraft:oak_fence":1,"minecraft:crafting_table":4,"minecraft:cornflower":1,"minecraft:rose_bush":1,"minecraft:lectern":1,"minecraft:tall_grass":7,"minecraft:lapis_ore":4,"minecraft:deepslate_gold_ore":9,"minecraft:diorite":1,"minecraft:spruce_stairs":2,"farmersdelight:wild_beetroots":3,"minecraft:birch_leaves":1,"minecraft:coal_ore":81,"minecraft:cocoa":1,"minecraft:zombie_head":1,"minecraft:gravel":24,"minecraft:dripstone_block":1,"minecraft:cobweb":30,"minecraft:stone_bricks":5,"minecraft:fern":2},"minecraft:picked_up":{"minecraft:iron_chestplate":1,"minecraft:wheat":15,"minecraft:smithing_table":1,"minecraft:oak_stairs":1,"minecraft:enchanted_book":1,"minecraft:brewing_stand":1,"minecraft:string":31,"minecraft:dark_oak_trapdoor":6,"minecraft:iron_leggings":2,"minecraft:armor_stand":4,"minecraft:zombie_head":2,"minecraft:experience_bottle":6,"minecraft:cobbled_deepslate":518,"minecraft:spruce_planks":1,"minecraft:rose_bush":1,"minecraft:iron_pickaxe":3,"minecraft:melon_slice":15,"minecraft:coal_block":32,"minecraft:iron_boots":5,"minecraft:furnace":2,"minecraft:stick":7,"minecraft:oak_fence":1,"minecraft:acacia_log":40,"minecraft:torch":21,"minecraft:spruce_stairs":2,"minecraft:porkchop":5,"minecraft:diorite":1,"minecraft:orange_bed":5,"minecraft:stone_sword":2,"minecraft:rotten_flesh":20,"farmersdelight:onion":1,"minecraft:iron_block":4,"minecraft:cobblestone":301,"minecraft:feather":1,"farmersdelight:rice":6,"minecraft:iron_door":2,"minecraft:andesite":3,"minecraft:potato":2,"minecraft:tuff":65,"minecraft:dirt":34,"minecraft:lapis_lazuli":106,"farmersdelight:tomato":2,"minecraft:lantern":10,"minecraft:polished_granite":1,"minecraft:bone":3,"farmersdelight:iron_knife":1,"minecraft:stonecutter":1,"minecraft:wheat_seeds":35,"minecraft:raw_gold":9,"minecraft:bell":1,"minecraft:bamboo":14,"minecraft:oak_planks":15,"minecraft:oak_pressure_plate":3,"minecraft:sand":1,"minecraft:dark_oak_log":37,"minecraft:dispenser":1,"minecraft:writable_book":1,"minecraft:granite":1,"minecraft:bread":2,"minecraft:emerald":4,"minecraft:oak_sapling":8,"minecraft:crafting_table":4,"minecraft:allium":6,"minecraft:chicken":1,"minecraft:clay_ball":12,"minecraft:stone_brick_wall":2,"minecraft:cornflower":1,"minecraft:item_frame":2,"minecraft:iron_shovel":1,"farmersdelight:straw":2,"minecraft:poppy":1,"minecraft:lectern":1,"minecraft:sugar_cane":20,"minecraft:quartz_stairs":1,"minecraft:chest":1,"minecraft:piston":1,"minecraft:egg":4,"minecraft:dark_oak_sapling":4,"minecraft:raw_iron":128,"farmersdelight:tomato_seeds":1,"minecraft:redstone":41,"minecraft:tnt":2,"minecraft:arrow":2,"minecraft:beetroot_seeds":3,"minecraft:hay_block":42,"minecraft:glow_berries":2,"minecraft:mutton":6,"minecraft:white_wool":2,"minecraft:leather":7,"minecraft:filled_map":4,"minecraft:birch_planks":20,"minecraft:oak_log":29,"minecraft:cobblestone_stairs":4,"minecraft:white_banner":2,"minecraft:cooked_mutton":1,"minecraft:stone_bricks":5,"minecraft:kelp":106,"minecraft:iron_ingot":2,"minecraft:cooked_chicken":1,"minecraft:acacia_sapling":17,"minecraft:iron_sword":1,"minecraft:oak_slab":10,"minecraft:scaffolding":1,"minecraft:book":12,"minecraft:dandelion":1,"minecraft:dripstone_block":1,"minecraft:gravel":20,"farmersdelight:wild_rice":3,"minecraft:blast_furnace":2,"minecraft:white_bed":3,"minecraft:iron_helmet":2,"minecraft:chainmail_leggings":2,"minecraft:gray_wool":1,"minecraft:coal":101,"minecraft:hopper":1},"minecraft:broken":{"minecraft:stone_pickaxe":1,"minecraft:stone_axe":1,"minecraft:iron_pickaxe":4},"minecraft:killed_by":{"minecraft:creeper":1,"minecraft:vindicator":3,"minecraft:zombie":1,"minecraft:player":2}},"DataVersion":3465}