{"stats":{"minecraft:crafted":{"minecraft:oak_planks":72,"minecraft:furnace":1,"minecraft:cooked_mutton":3,"minecraft:iron_boots":1,"minecraft:iron_axe":1,"minecraft:stone_pickaxe":2,"minecraft:chest":2,"minecraft:wheat":378,"minecraft:cooked_porkchop":3,"minecraft:crafting_table":4,"farmersdelight:iron_knife":1,"minecraft:wooden_pickaxe":1,"minecraft:iron_helmet":1,"minecraft:stone_axe":1,"minecraft:bread":126,"minecraft:air":0,"minecraft:oak_boat":2,"farmersdelight:cutting_board":1,"minecraft:iron_chestplate":1,"minecraft:shield":1,"minecraft:stick":18,"minecraft:iron_ingot":69,"minecraft:iron_pickaxe":1,"minecraft:iron_leggings":1,"minecraft:acacia_planks":12,"minecraft:torch":36},"minecraft:custom":{"minecraft:mob_kills":22,"minecraft:interact_with_crafting_table":25,"minecraft:open_barrel":5,"minecraft:bell_ring":3,"minecraft:eat_cake_slice":4,"minecraft:leave_game":1,"minecraft:time_since_death":85122,"minecraft:climb_one_cm":15278,"minecraft:sprint_one_cm":611443,"minecraft:walk_one_cm":500577,"minecraft:damage_blocked_by_shield":990,"minecraft:drop":93,"minecraft:talked_to_villager":1,"minecraft:play_time":193750,"minecraft:deaths":2,"minecraft:sneak_time":8454,"minecraft:walk_under_water_one_cm":6380,"minecraft:boat_one_cm":263160,"minecraft:interact_with_lectern":1,"minecraft:jump":4178,"minecraft:walk_on_water_one_cm":13975,"minecraft:total_world_time":193750,"minecraft:interact_with_furnace":45,"minecraft:sleep_in_bed":13,"minecraft:time_since_rest":19618,"minecraft:damage_taken":2047,"minecraft:damage_dealt":3830,"minecraft:swim_one_cm":23705,"minecraft:fly_one_cm":770097,"minecraft:open_chest":80,"minecraft:crouch_one_cm":19623,"minecraft:inspect_dispenser":1,"minecraft:fall_one_cm":110462,"minecraft:horse_one_cm":38184},"minecraft:used":{"minecraft:oak_fence":1,"minecraft:writable_book":1,"minecraft:stone_sword":2,"minecraft:acacia_log":10,"minecraft:chest":3,"minecraft:shield":22,"minecraft:iron_sword":28,"minecraft:quartz_stairs":1,"minecraft:cooked_chicken":5,"minecraft:orange_bed":4,"minecraft:torch":44,"minecraft:dirt":19,"minecraft:spruce_stairs":2,"minecraft:acacia_sapling":12,"minecraft:iron_axe":53,"farmersdelight:cutting_board":1,"minecraft:scaffolding":1,"minecraft:furnace":2,"minecraft:egg":2,"minecraft:cobbled_deepslate":4,"minecraft:acacia_planks":7,"minecraft:cooked_mutton":3,"minecraft:stone_pickaxe":162,"minecraft:oak_planks":7,"minecraft:wooden_pickaxe":15,"minecraft:oak_slab":10,"minecraft:crafting_table":7,"minecraft:white_bed":3,"minecraft:oak_log":4,"minecraft:cornflower":1,"minecraft:bread":41,"minecraft:iron_pickaxe":75,"minecraft:map":3,"minecraft:stone_axe":113,"minecraft:cobblestone":8,"minecraft:cooked_porkchop":2,"minecraft:oak_boat":2,"minecraft:experience_bottle":1},"minecraft:killed":{"minecraft:skeleton":2,"takesapillage:clay_golem":1,"minecraft:chicken":1,"minecraft:pig":2,"minecraft:creeper":1,"minecraft:sheep":4,"minecraft:zombie":11},"minecraft:dropped":{"minecraft:bread":29,"minecraft:wheat_seeds":2,"minecraft:tnt":1,"minecraft:cooked_porkchop":1,"minecraft:iron_helmet":1,"minecraft:feather":1,"minecraft:lantern":8,"minecraft:stick":1,"minecraft:item_frame":2,"minecraft:dirt":4,"minecraft:rose_bush":1,"minecraft:iron_leggings":1,"minecraft:oak_stairs":1,"minecraft:writable_book":1,"minecraft:sand":1,"minecraft:iron_shovel":1,"minecraft:chainmail_leggings":2,"minecraft:string":1,"minecraft:white_wool":2,"minecraft:acacia_planks":5,"minecraft:dandelion":1,"minecraft:bone":1,"minecraft:sugar_cane":9,"minecraft:stone_sword":1,"minecraft:rotten_flesh":3,"minecraft:iron_boots":4,"minecraft:oak_planks":11,"minecraft:filled_map":5,"minecraft:poppy":1,"minecraft:spruce_planks":1,"minecraft:stone_brick_wall":2,"minecraft:oak_sapling":1,"minecraft:acacia_sapling":5,"minecraft:stone_bricks":5,"minecraft:bell":1,"minecraft:polished_granite":1,"minecraft:egg":2},"minecraft:mined":{"minecraft:spruce_planks":1,"minecraft:white_bed":3,"minecraft:quartz_stairs":1,"minecraft:brewing_stand":1,"minecraft:granite":1,"minecraft:acacia_log":9,"minecraft:stone_brick_wall":2,"minecraft:grass_block":10,"minecraft:redstone_wire":10,"minecraft:oak_pressure_plate":3,"minecraft:coal_block":32,"minecraft:chiseled_stone_bricks":1,"minecraft:kelp":4,"minecraft:hopper":1,"minecraft:spawner":1,"minecraft:hay_block":42,"minecraft:tall_seagrass":3,"minecraft:furnace":2,"minecraft:dark_oak_trapdoor":6,"minecraft:iron_ore":57,"minecraft:cobbled_deepslate":2,"treechop:chopped_log":6,"minecraft:bell":1,"minecraft:bookshelf":3,"minecraft:deepslate_iron_ore":12,"minecraft:oak_stairs":1,"minecraft:lantern":2,"minecraft:bamboo":1,"minecraft:stone":43,"minecraft:iron_block":4,"minecraft:orange_bed":5,"minecraft:smithing_table":1,"minecraft:oak_slab":7,"minecraft:kelp_plant":14,"minecraft:polished_granite":1,"minecraft:clay":2,"minecraft:cornflower":1,"minecraft:oak_fence":1,"minecraft:crafting_table":4,"minecraft:torch":1,"minecraft:blast_furnace":1,"minecraft:poppy":2,"minecraft:melon":2,"minecraft:chest":1,"minecraft:rose_bush":1,"minecraft:lectern":1,"minecraft:tall_grass":6,"minecraft:sugar_cane":5,"minecraft:iron_door":2,"minecraft:diorite":1,"minecraft:wall_torch":5,"minecraft:seagrass":3,"minecraft:spruce_stairs":2,"minecraft:wheat":1,"minecraft:birch_leaves":1,"minecraft:tnt":1,"minecraft:grass":40,"minecraft:oak_log":4,"minecraft:coal_ore":67,"minecraft:cocoa":1,"minecraft:gravel":1,"minecraft:zombie_head":1,"minecraft:dripstone_block":1,"minecraft:sand":1,"minecraft:dirt":25,"minecraft:cobweb":30,"minecraft:stonecutter":1,"minecraft:stone_bricks":5,"minecraft:dispenser":1,"minecraft:piston":1,"minecraft:oak_leaves":11,"minecraft:deepslate":3,"minecraft:fern":2},"minecraft:picked_up":{"minecraft:iron_chestplate":1,"minecraft:crafting_table":4,"minecraft:wheat":15,"minecraft:chicken":1,"minecraft:clay_ball":12,"minecraft:smithing_table":1,"minecraft:oak_stairs":1,"minecraft:stone_brick_wall":2,"minecraft:enchanted_book":1,"minecraft:brewing_stand":1,"minecraft:cornflower":1,"minecraft:iron_leggings":2,"minecraft:string":31,"minecraft:dark_oak_trapdoor":6,"minecraft:armor_stand":4,"minecraft:zombie_head":1,"minecraft:item_frame":2,"minecraft:iron_shovel":1,"minecraft:experience_bottle":6,"minecraft:cobbled_deepslate":6,"minecraft:spruce_planks":1,"minecraft:rose_bush":1,"minecraft:iron_pickaxe":1,"minecraft:lectern":1,"minecraft:poppy":1,"minecraft:coal_block":32,"minecraft:quartz_stairs":1,"minecraft:melon_slice":15,"minecraft:sugar_cane":20,"minecraft:chest":1,"minecraft:iron_boots":5,"minecraft:piston":1,"minecraft:furnace":2,"minecraft:egg":4,"minecraft:dark_oak_sapling":4,"minecraft:stick":7,"minecraft:raw_iron":69,"minecraft:oak_fence":1,"minecraft:acacia_log":40,"minecraft:torch":11,"minecraft:spruce_stairs":2,"minecraft:porkchop":5,"minecraft:diorite":1,"minecraft:redstone":10,"minecraft:tnt":2,"minecraft:orange_bed":5,"minecraft:stone_sword":1,"minecraft:arrow":2,"minecraft:rotten_flesh":17,"minecraft:beetroot_seeds":2,"minecraft:hay_block":42,"minecraft:iron_block":4,"minecraft:glow_berries":2,"minecraft:mutton":6,"minecraft:white_wool":2,"minecraft:cobblestone":44,"minecraft:feather":1,"minecraft:iron_door":2,"minecraft:potato":1,"minecraft:filled_map":2,"minecraft:oak_log":29,"minecraft:lapis_lazuli":7,"minecraft:dirt":23,"minecraft:lantern":10,"minecraft:polished_granite":1,"minecraft:cooked_mutton":1,"minecraft:bone":3,"minecraft:stone_bricks":5,"minecraft:kelp":106,"minecraft:stonecutter":1,"minecraft:wheat_seeds":30,"minecraft:bell":1,"minecraft:iron_ingot":2,"minecraft:cooked_chicken":1,"minecraft:bamboo":14,"minecraft:iron_sword":1,"minecraft:acacia_sapling":17,"minecraft:oak_planks":12,"minecraft:oak_slab":10,"minecraft:book":12,"minecraft:scaffolding":1,"minecraft:dandelion":1,"minecraft:oak_pressure_plate":3,"minecraft:dripstone_block":1,"minecraft:sand":1,"minecraft:blast_furnace":1,"minecraft:white_bed":3,"minecraft:dark_oak_log":37,"minecraft:dispenser":1,"minecraft:iron_helmet":2,"minecraft:chainmail_leggings":2,"minecraft:writable_book":1,"minecraft:granite":1,"minecraft:gray_wool":1,"minecraft:emerald":4,"minecraft:bread":2,"minecraft:oak_sapling":8,"minecraft:coal":87,"minecraft:hopper":1},"minecraft:broken":{"minecraft:stone_pickaxe":1,"minecraft:stone_axe":1},"minecraft:killed_by":{"minecraft:player":2}},"DataVersion":3465}