{"stats":{"minecraft:crafted":{"minecraft:oak_planks":16,"minecraft:crafting_table":1,"minecraft:stick":8,"minecraft:wooden_pickaxe":1,"minecraft:stone_pickaxe":1,"minecraft:stone_axe":1,"minecraft:bread":126,"minecraft:wheat":378},"minecraft:custom":{"minecraft:time_since_rest":13947,"minecraft:interact_with_furnace":1,"minecraft:sprint_one_cm":38563,"minecraft:damage_taken":106,"minecraft:walk_one_cm":34518,"minecraft:mob_kills":2,"minecraft:drop":2,"minecraft:damage_dealt":320,"minecraft:interact_with_crafting_table":3,"minecraft:fly_one_cm":64766,"minecraft:open_chest":2,"minecraft:crouch_one_cm":1516,"minecraft:play_time":13947,"minecraft:sneak_time":662,"minecraft:bell_ring":3,"minecraft:jump":292,"minecraft:time_since_death":13947,"minecraft:walk_on_water_one_cm":715,"minecraft:total_world_time":13947,"minecraft:inspect_dispenser":1,"minecraft:fall_one_cm":8994},"minecraft:used":{"minecraft:acacia_log":10,"minecraft:bread":3,"minecraft:stone_pickaxe":2,"minecraft:wooden_pickaxe":15,"minecraft:stone_axe":44,"minecraft:crafting_table":2,"minecraft:acacia_sapling":12,"minecraft:egg":1},"minecraft:dropped":{"minecraft:oak_sapling":1,"minecraft:acacia_sapling":5},"minecraft:killed":{"takesapillage:clay_golem":1,"minecraft:chicken":1},"minecraft:mined":{"minecraft:hay_block":42,"minecraft:wheat":1,"treechop:chopped_log":4,"minecraft:crafting_table":2,"minecraft:bell":1,"minecraft:grass":6,"minecraft:acacia_log":9,"minecraft:bookshelf":3,"minecraft:poppy":1,"minecraft:sand":1,"minecraft:tall_grass":2,"minecraft:dispenser":1,"minecraft:stone":14,"minecraft:hopper":1,"minecraft:sugar_cane":1,"minecraft:oak_leaves":2,"minecraft:orange_bed":1},"minecraft:picked_up":{"minecraft:book":9,"minecraft:stick":1,"minecraft:crafting_table":2,"minecraft:feather":1,"minecraft:chicken":1,"minecraft:clay_ball":4,"minecraft:dandelion":1,"minecraft:acacia_log":40,"minecraft:sand":1,"minecraft:oak_log":4,"minecraft:dirt":1,"minecraft:string":1,"minecraft:orange_bed":1,"minecraft:dispenser":1,"minecraft:rotten_flesh":3,"minecraft:wheat_seeds":2,"minecraft:bell":1,"minecraft:hay_block":42,"minecraft:poppy":1,"minecraft:hopper":1,"minecraft:oak_sapling":1,"minecraft:sugar_cane":2,"minecraft:oak_planks":2,"minecraft:acacia_sapling":17,"minecraft:cobblestone":14,"minecraft:egg":2}},"DataVersion":3465}