{"stats":{"minecraft:crafted":{"minecraft:crafting_table":1,"minecraft:oak_planks":16,"minecraft:stick":4,"minecraft:wooden_pickaxe":1},"minecraft:custom":{"minecraft:jump":23,"minecraft:time_since_rest":1947,"minecraft:crouch_one_cm":179,"minecraft:sprint_one_cm":3868,"minecraft:play_time":1947,"minecraft:time_since_death":1947,"minecraft:walk_one_cm":3021,"minecraft:sneak_time":93,"minecraft:total_world_time":1947,"minecraft:interact_with_crafting_table":1,"minecraft:fall_one_cm":687,"minecraft:fly_one_cm":4509},"minecraft:used":{"minecraft:crafting_table":1},"minecraft:mined":{"treechop:chopped_log":1,"minecraft:oak_leaves":2},"minecraft:picked_up":{"minecraft:oak_log":4,"minecraft:oak_sapling":1,"minecraft:egg":1}},"DataVersion":3465}