{"stats":{"minecraft:crafted":{"minecraft:oak_planks":16,"minecraft:crafting_table":1,"minecraft:wooden_pickaxe":1,"minecraft:stone_axe":1,"minecraft:bread":126,"minecraft:stick":8,"minecraft:stone_pickaxe":1,"minecraft:acacia_planks":12,"minecraft:wheat":378},"minecraft:custom":{"minecraft:interact_with_furnace":1,"minecraft:mob_kills":4,"minecraft:interact_with_crafting_table":3,"minecraft:bell_ring":3,"minecraft:time_since_death":25947,"minecraft:sleep_in_bed":1,"minecraft:climb_one_cm":1970,"minecraft:time_since_rest":1005,"minecraft:sprint_one_cm":77624,"minecraft:damage_taken":376,"minecraft:walk_one_cm":61960,"minecraft:drop":47,"minecraft:damage_dealt":550,"minecraft:swim_one_cm":4313,"minecraft:fly_one_cm":124303,"minecraft:open_chest":3,"minecraft:crouch_one_cm":3492,"minecraft:play_time":25947,"minecraft:sneak_time":1601,"minecraft:walk_under_water_one_cm":89,"minecraft:jump":669,"minecraft:walk_on_water_one_cm":1620,"minecraft:total_world_time":25947,"minecraft:fall_one_cm":21823,"minecraft:inspect_dispenser":1},"minecraft:used":{"minecraft:acacia_log":10,"minecraft:stone_pickaxe":41,"minecraft:oak_planks":7,"minecraft:wooden_pickaxe":15,"minecraft:orange_bed":2,"minecraft:dirt":11,"minecraft:crafting_table":2,"minecraft:acacia_sapling":12,"minecraft:bread":9,"minecraft:stone_axe":76,"minecraft:egg":1,"minecraft:acacia_planks":7},"minecraft:killed":{"minecraft:pig":1,"minecraft:sheep":1,"takesapillage:clay_golem":1,"minecraft:chicken":1},"minecraft:dropped":{"minecraft:bread":28,"minecraft:oak_planks":7,"minecraft:dirt":1,"minecraft:spruce_planks":1,"minecraft:rose_bush":1,"minecraft:acacia_sapling":5,"minecraft:oak_sapling":1,"minecraft:sand":1,"minecraft:string":1,"minecraft:acacia_planks":5},"minecraft:mined":{"minecraft:oak_slab":2,"minecraft:spruce_planks":1,"minecraft:crafting_table":2,"minecraft:acacia_log":9,"minecraft:grass_block":4,"minecraft:poppy":1,"minecraft:melon":2,"minecraft:chest":1,"minecraft:rose_bush":1,"minecraft:tall_grass":2,"minecraft:sugar_cane":1,"minecraft:hopper":1,"minecraft:hay_block":42,"minecraft:wheat":1,"treechop:chopped_log":5,"minecraft:bell":1,"minecraft:grass":13,"minecraft:bookshelf":3,"minecraft:oak_log":2,"minecraft:coal_ore":35,"minecraft:cocoa":1,"minecraft:lantern":2,"minecraft:sand":1,"minecraft:dirt":15,"minecraft:bamboo":1,"minecraft:dispenser":1,"minecraft:stone":16,"minecraft:fern":2,"minecraft:oak_leaves":4,"minecraft:orange_bed":2},"minecraft:picked_up":{"minecraft:crafting_table":2,"minecraft:feather":1,"minecraft:chicken":1,"minecraft:clay_ball":4,"minecraft:oak_log":25,"minecraft:string":1,"minecraft:dirt":12,"minecraft:lantern":2,"minecraft:wheat_seeds":3,"minecraft:bell":1,"minecraft:spruce_planks":1,"minecraft:rose_bush":1,"minecraft:poppy":1,"minecraft:bamboo":14,"minecraft:melon_slice":11,"minecraft:sugar_cane":2,"minecraft:chest":1,"minecraft:acacia_sapling":17,"minecraft:oak_planks":9,"minecraft:egg":2,"minecraft:book":9,"minecraft:stick":7,"minecraft:acacia_log":40,"minecraft:dandelion":1,"minecraft:porkchop":3,"minecraft:sand":1,"minecraft:orange_bed":2,"minecraft:dispenser":1,"minecraft:rotten_flesh":3,"minecraft:hay_block":42,"minecraft:gray_wool":1,"minecraft:oak_sapling":7,"minecraft:glow_berries":2,"minecraft:coal":34,"minecraft:mutton":1,"minecraft:cobblestone":16,"minecraft:hopper":1}},"DataVersion":3465}