{"stats":{"minecraft:crafted":{"minecraft:oak_planks":44,"minecraft:furnace":1,"minecraft:cooked_mutton":3,"minecraft:iron_boots":1,"minecraft:iron_axe":1,"minecraft:stone_pickaxe":2,"minecraft:chest":2,"minecraft:wheat":378,"minecraft:cooked_porkchop":3,"minecraft:crafting_table":2,"minecraft:wooden_pickaxe":1,"minecraft:iron_helmet":1,"minecraft:stone_axe":1,"minecraft:bread":126,"minecraft:air":0,"minecraft:iron_chestplate":1,"minecraft:shield":1,"minecraft:stick":14,"minecraft:iron_ingot":45,"minecraft:iron_pickaxe":1,"minecraft:iron_leggings":1,"minecraft:acacia_planks":12,"minecraft:torch":36},"minecraft:custom":{"minecraft:mob_kills":20,"minecraft:interact_with_crafting_table":17,"minecraft:bell_ring":3,"minecraft:eat_cake_slice":4,"minecraft:time_since_death":1319,"minecraft:climb_one_cm":5131,"minecraft:sprint_one_cm":299043,"minecraft:walk_one_cm":309991,"minecraft:damage_blocked_by_shield":990,"minecraft:drop":61,"minecraft:play_time":109947,"minecraft:deaths":2,"minecraft:sneak_time":4899,"minecraft:walk_under_water_one_cm":89,"minecraft:jump":2546,"minecraft:walk_on_water_one_cm":2672,"minecraft:total_world_time":109947,"minecraft:interact_with_furnace":36,"minecraft:sleep_in_bed":7,"minecraft:time_since_rest":1350,"minecraft:damage_taken":1657,"minecraft:damage_dealt":3670,"minecraft:swim_one_cm":4313,"minecraft:fly_one_cm":378630,"minecraft:open_chest":45,"minecraft:crouch_one_cm":9678,"minecraft:inspect_dispenser":1,"minecraft:fall_one_cm":61621},"minecraft:used":{"minecraft:writable_book":1,"minecraft:stone_sword":2,"minecraft:acacia_log":10,"minecraft:chest":3,"minecraft:shield":22,"minecraft:quartz_stairs":1,"minecraft:cooked_chicken":1,"minecraft:orange_bed":3,"minecraft:torch":44,"minecraft:dirt":16,"minecraft:spruce_stairs":2,"minecraft:acacia_sapling":12,"minecraft:iron_axe":41,"minecraft:scaffolding":1,"minecraft:furnace":2,"minecraft:egg":1,"minecraft:acacia_planks":7,"minecraft:cobbled_deepslate":4,"minecraft:cooked_mutton":3,"minecraft:stone_pickaxe":162,"minecraft:oak_planks":7,"minecraft:wooden_pickaxe":15,"minecraft:crafting_table":5,"minecraft:white_bed":1,"minecraft:oak_log":4,"minecraft:bread":27,"minecraft:iron_pickaxe":1,"minecraft:stone_axe":113,"minecraft:cobblestone":8,"minecraft:experience_bottle":1},"minecraft:killed":{"minecraft:skeleton":2,"takesapillage:clay_golem":1,"minecraft:chicken":1,"minecraft:pig":2,"minecraft:creeper":1,"minecraft:sheep":2,"minecraft:zombie":11},"minecraft:dropped":{"minecraft:bread":29,"minecraft:cooked_porkchop":1,"minecraft:feather":1,"minecraft:item_frame":1,"minecraft:dirt":4,"minecraft:rose_bush":1,"minecraft:writable_book":1,"minecraft:sand":1,"minecraft:string":1,"minecraft:acacia_planks":5,"minecraft:dandelion":1,"minecraft:bone":1,"minecraft:stone_sword":1,"minecraft:oak_planks":7,"minecraft:poppy":1,"minecraft:spruce_planks":1,"minecraft:oak_sapling":1,"minecraft:acacia_sapling":5,"minecraft:bell":1,"minecraft:egg":1},"minecraft:mined":{"minecraft:white_bed":1,"minecraft:spruce_planks":1,"minecraft:quartz_stairs":1,"minecraft:granite":1,"minecraft:acacia_log":9,"minecraft:grass_block":9,"minecraft:redstone_wire":10,"minecraft:oak_pressure_plate":3,"minecraft:hopper":1,"minecraft:spawner":1,"minecraft:hay_block":42,"minecraft:furnace":1,"minecraft:dark_oak_trapdoor":6,"minecraft:iron_ore":39,"minecraft:cobbled_deepslate":2,"treechop:chopped_log":6,"minecraft:bell":1,"minecraft:bookshelf":3,"minecraft:deepslate_iron_ore":12,"minecraft:lantern":2,"minecraft:bamboo":1,"minecraft:stone":42,"minecraft:orange_bed":4,"minecraft:oak_slab":2,"minecraft:crafting_table":3,"minecraft:torch":1,"minecraft:poppy":2,"minecraft:melon":2,"minecraft:chest":1,"minecraft:rose_bush":1,"minecraft:tall_grass":5,"minecraft:sugar_cane":1,"minecraft:diorite":1,"minecraft:wall_torch":5,"minecraft:spruce_stairs":2,"minecraft:wheat":1,"minecraft:birch_leaves":1,"minecraft:grass":35,"minecraft:coal_ore":67,"minecraft:oak_log":4,"minecraft:cocoa":1,"minecraft:sand":1,"minecraft:dripstone_block":1,"minecraft:dirt":25,"minecraft:cobweb":2,"minecraft:dispenser":1,"minecraft:oak_leaves":4,"minecraft:deepslate":3,"minecraft:fern":2},"minecraft:picked_up":{"minecraft:crafting_table":3,"minecraft:wheat":14,"minecraft:chicken":1,"minecraft:clay_ball":4,"minecraft:enchanted_book":1,"minecraft:string":3,"minecraft:dark_oak_trapdoor":6,"minecraft:item_frame":1,"minecraft:experience_bottle":1,"minecraft:cobbled_deepslate":6,"minecraft:spruce_planks":1,"minecraft:rose_bush":1,"minecraft:poppy":1,"minecraft:quartz_stairs":1,"minecraft:melon_slice":15,"minecraft:sugar_cane":2,"minecraft:chest":1,"minecraft:egg":2,"minecraft:furnace":1,"minecraft:dark_oak_sapling":4,"minecraft:raw_iron":51,"minecraft:stick":7,"minecraft:torch":11,"minecraft:acacia_log":40,"minecraft:spruce_stairs":2,"minecraft:porkchop":5,"minecraft:diorite":1,"minecraft:redstone":10,"minecraft:orange_bed":4,"minecraft:stone_sword":1,"minecraft:arrow":2,"minecraft:rotten_flesh":14,"minecraft:beetroot_seeds":2,"minecraft:hay_block":42,"minecraft:glow_berries":2,"minecraft:mutton":3,"minecraft:cobblestone":43,"minecraft:feather":1,"minecraft:oak_log":29,"minecraft:lapis_lazuli":7,"minecraft:dirt":22,"minecraft:lantern":2,"minecraft:bone":3,"minecraft:wheat_seeds":28,"minecraft:bell":1,"minecraft:iron_ingot":2,"minecraft:cooked_chicken":1,"minecraft:bamboo":14,"minecraft:oak_planks":9,"minecraft:acacia_sapling":17,"minecraft:book":10,"minecraft:scaffolding":1,"minecraft:dandelion":1,"minecraft:oak_pressure_plate":3,"minecraft:dripstone_block":1,"minecraft:sand":1,"minecraft:white_bed":1,"minecraft:dark_oak_log":37,"minecraft:dispenser":1,"minecraft:writable_book":1,"minecraft:granite":1,"minecraft:gray_wool":1,"minecraft:bread":1,"minecraft:emerald":2,"minecraft:oak_sapling":8,"minecraft:hopper":1,"minecraft:coal":87},"minecraft:broken":{"minecraft:stone_pickaxe":1,"minecraft:stone_axe":1},"minecraft:killed_by":{"minecraft:player":2}},"DataVersion":3465}