{"stats":{"minecraft:crafted":{"minecraft:oak_planks":24,"minecraft:cooked_porkchop":3,"minecraft:crafting_table":1,"minecraft:iron_helmet":1,"minecraft:wooden_pickaxe":1,"minecraft:furnace":1,"minecraft:stone_axe":1,"minecraft:cooked_mutton":3,"minecraft:bread":126,"minecraft:air":0,"minecraft:iron_boots":1,"minecraft:iron_chestplate":1,"minecraft:shield":1,"minecraft:iron_axe":1,"minecraft:stick":14,"minecraft:iron_ingot":36,"minecraft:iron_pickaxe":1,"minecraft:stone_pickaxe":2,"minecraft:iron_leggings":1,"minecraft:acacia_planks":12,"minecraft:torch":36,"minecraft:wheat":378},"minecraft:custom":{"minecraft:interact_with_furnace":26,"minecraft:mob_kills":17,"minecraft:interact_with_crafting_table":15,"minecraft:bell_ring":3,"minecraft:time_since_death":61947,"minecraft:sleep_in_bed":3,"minecraft:climb_one_cm":2615,"minecraft:time_since_rest":20136,"minecraft:sprint_one_cm":153626,"minecraft:damage_taken":726,"minecraft:walk_one_cm":150189,"minecraft:damage_blocked_by_shield":920,"minecraft:drop":51,"minecraft:damage_dealt":2935,"minecraft:swim_one_cm":4313,"minecraft:fly_one_cm":209977,"minecraft:open_chest":10,"minecraft:crouch_one_cm":8048,"minecraft:play_time":61947,"minecraft:sneak_time":4210,"minecraft:walk_under_water_one_cm":89,"minecraft:jump":1531,"minecraft:walk_on_water_one_cm":2265,"minecraft:total_world_time":61947,"minecraft:fall_one_cm":37926,"minecraft:inspect_dispenser":1},"minecraft:used":{"minecraft:cooked_mutton":1,"minecraft:acacia_log":10,"minecraft:stone_pickaxe":147,"minecraft:oak_planks":7,"minecraft:shield":20,"minecraft:chest":1,"minecraft:wooden_pickaxe":15,"minecraft:orange_bed":3,"minecraft:torch":44,"minecraft:dirt":15,"minecraft:crafting_table":3,"minecraft:acacia_sapling":12,"minecraft:iron_axe":22,"minecraft:bread":19,"minecraft:stone_axe":113,"minecraft:furnace":1,"minecraft:cobbled_deepslate":4,"minecraft:egg":1,"minecraft:acacia_planks":7},"minecraft:killed":{"minecraft:pig":1,"minecraft:skeleton":1,"minecraft:sheep":2,"minecraft:zombie":11,"takesapillage:clay_golem":1,"minecraft:chicken":1},"minecraft:dropped":{"minecraft:bread":28,"minecraft:feather":1,"minecraft:oak_planks":7,"minecraft:poppy":1,"minecraft:dirt":1,"minecraft:spruce_planks":1,"minecraft:rose_bush":1,"minecraft:acacia_sapling":5,"minecraft:oak_sapling":1,"minecraft:sand":1,"minecraft:dandelion":1,"minecraft:string":1,"minecraft:egg":1,"minecraft:acacia_planks":5},"minecraft:mined":{"minecraft:oak_slab":2,"minecraft:spruce_planks":1,"minecraft:crafting_table":3,"minecraft:torch":1,"minecraft:granite":1,"minecraft:acacia_log":9,"minecraft:grass_block":7,"minecraft:poppy":1,"minecraft:melon":2,"minecraft:chest":1,"minecraft:rose_bush":1,"minecraft:tall_grass":2,"minecraft:diorite":1,"minecraft:wall_torch":5,"minecraft:sugar_cane":1,"minecraft:hopper":1,"minecraft:spawner":1,"minecraft:hay_block":42,"minecraft:furnace":1,"minecraft:cobbled_deepslate":2,"minecraft:iron_ore":24,"minecraft:wheat":1,"treechop:chopped_log":6,"minecraft:bell":1,"minecraft:grass":14,"minecraft:bookshelf":3,"minecraft:oak_log":2,"minecraft:coal_ore":67,"minecraft:deepslate_iron_ore":12,"minecraft:cocoa":1,"minecraft:lantern":2,"minecraft:dripstone_block":1,"minecraft:sand":1,"minecraft:dirt":25,"minecraft:deepslate":3,"minecraft:bamboo":1,"minecraft:dispenser":1,"minecraft:stone":42,"minecraft:fern":2,"minecraft:oak_leaves":4,"minecraft:orange_bed":4},"minecraft:picked_up":{"minecraft:crafting_table":3,"minecraft:feather":1,"minecraft:chicken":1,"minecraft:clay_ball":4,"minecraft:oak_log":25,"minecraft:string":1,"minecraft:dirt":20,"minecraft:lantern":2,"minecraft:bone":1,"minecraft:wheat_seeds":3,"minecraft:cobbled_deepslate":6,"minecraft:bell":1,"minecraft:spruce_planks":1,"minecraft:rose_bush":1,"minecraft:poppy":1,"minecraft:bamboo":14,"minecraft:melon_slice":15,"minecraft:sugar_cane":2,"minecraft:chest":1,"minecraft:acacia_sapling":17,"minecraft:oak_planks":9,"minecraft:furnace":1,"minecraft:egg":2,"minecraft:book":9,"minecraft:dark_oak_sapling":4,"minecraft:stick":7,"minecraft:raw_iron":36,"minecraft:torch":11,"minecraft:acacia_log":40,"minecraft:dandelion":1,"minecraft:dripstone_block":1,"minecraft:porkchop":3,"minecraft:sand":1,"minecraft:diorite":1,"minecraft:dark_oak_log":37,"minecraft:orange_bed":4,"minecraft:arrow":1,"minecraft:dispenser":1,"minecraft:rotten_flesh":14,"minecraft:hay_block":42,"minecraft:granite":1,"minecraft:gray_wool":1,"minecraft:oak_sapling":8,"minecraft:glow_berries":2,"minecraft:coal":87,"minecraft:mutton":3,"minecraft:cobblestone":43,"minecraft:hopper":1},"minecraft:broken":{"minecraft:stone_pickaxe":1,"minecraft:stone_axe":1}},"DataVersion":3465}