{"stats":{"minecraft:crafted":{"minecraft:oak_planks":60,"minecraft:furnace":1,"minecraft:cooked_mutton":3,"minecraft:iron_boots":1,"minecraft:iron_axe":1,"minecraft:stone_pickaxe":2,"minecraft:chest":2,"minecraft:wheat":378,"minecraft:cooked_porkchop":3,"minecraft:crafting_table":3,"farmersdelight:iron_knife":1,"minecraft:wooden_pickaxe":1,"minecraft:iron_helmet":1,"minecraft:stone_axe":1,"minecraft:bread":126,"minecraft:air":0,"minecraft:oak_boat":1,"farmersdelight:cutting_board":1,"minecraft:iron_chestplate":1,"minecraft:shield":1,"minecraft:stick":18,"minecraft:iron_ingot":69,"minecraft:iron_pickaxe":1,"minecraft:iron_leggings":1,"minecraft:acacia_planks":12,"minecraft:torch":36},"minecraft:custom":{"minecraft:mob_kills":20,"minecraft:interact_with_crafting_table":22,"minecraft:open_barrel":5,"minecraft:bell_ring":3,"minecraft:eat_cake_slice":4,"minecraft:leave_game":1,"minecraft:time_since_death":61122,"minecraft:climb_one_cm":14946,"minecraft:sprint_one_cm":450216,"minecraft:walk_one_cm":461213,"minecraft:damage_blocked_by_shield":990,"minecraft:drop":76,"minecraft:talked_to_villager":1,"minecraft:play_time":169750,"minecraft:deaths":2,"minecraft:sneak_time":7978,"minecraft:walk_under_water_one_cm":4527,"minecraft:boat_one_cm":133380,"minecraft:interact_with_lectern":1,"minecraft:jump":3519,"minecraft:walk_on_water_one_cm":13655,"minecraft:total_world_time":169750,"minecraft:interact_with_furnace":45,"minecraft:sleep_in_bed":11,"minecraft:time_since_rest":10151,"minecraft:damage_taken":2017,"minecraft:damage_dealt":3670,"minecraft:swim_one_cm":23705,"minecraft:fly_one_cm":593237,"minecraft:open_chest":71,"minecraft:crouch_one_cm":18172,"minecraft:inspect_dispenser":1,"minecraft:fall_one_cm":92795,"minecraft:horse_one_cm":38184},"minecraft:used":{"minecraft:oak_fence":1,"minecraft:writable_book":1,"minecraft:stone_sword":2,"minecraft:acacia_log":10,"minecraft:chest":3,"minecraft:shield":22,"minecraft:iron_sword":28,"minecraft:quartz_stairs":1,"minecraft:cooked_chicken":4,"minecraft:orange_bed":4,"minecraft:torch":44,"minecraft:dirt":19,"minecraft:spruce_stairs":2,"minecraft:acacia_sapling":12,"minecraft:iron_axe":50,"farmersdelight:cutting_board":1,"minecraft:scaffolding":1,"minecraft:furnace":2,"minecraft:egg":1,"minecraft:cobbled_deepslate":4,"minecraft:acacia_planks":7,"minecraft:cooked_mutton":3,"minecraft:stone_pickaxe":162,"minecraft:oak_planks":7,"minecraft:wooden_pickaxe":15,"minecraft:oak_slab":10,"minecraft:crafting_table":6,"minecraft:white_bed":3,"minecraft:oak_log":4,"minecraft:cornflower":1,"minecraft:bread":33,"minecraft:iron_pickaxe":68,"minecraft:map":3,"minecraft:stone_axe":113,"minecraft:cobblestone":8,"minecraft:cooked_porkchop":2,"minecraft:oak_boat":1,"minecraft:experience_bottle":1},"minecraft:killed":{"minecraft:skeleton":2,"takesapillage:clay_golem":1,"minecraft:chicken":1,"minecraft:pig":2,"minecraft:creeper":1,"minecraft:sheep":2,"minecraft:zombie":11},"minecraft:dropped":{"minecraft:bread":29,"minecraft:wheat_seeds":2,"minecraft:cooked_porkchop":1,"minecraft:feather":1,"minecraft:stick":1,"minecraft:item_frame":2,"minecraft:dirt":4,"minecraft:rose_bush":1,"minecraft:oak_stairs":1,"minecraft:writable_book":1,"minecraft:sand":1,"minecraft:string":1,"minecraft:acacia_planks":5,"minecraft:dandelion":1,"minecraft:bone":1,"minecraft:stone_sword":1,"minecraft:oak_planks":8,"minecraft:filled_map":5,"minecraft:poppy":1,"minecraft:spruce_planks":1,"minecraft:stone_brick_wall":2,"minecraft:oak_sapling":1,"minecraft:acacia_sapling":5,"minecraft:stone_bricks":5,"minecraft:bell":1,"minecraft:egg":2},"minecraft:mined":{"minecraft:spruce_planks":1,"minecraft:white_bed":3,"minecraft:quartz_stairs":1,"minecraft:brewing_stand":1,"minecraft:granite":1,"minecraft:acacia_log":9,"minecraft:stone_brick_wall":2,"minecraft:grass_block":10,"minecraft:redstone_wire":10,"minecraft:oak_pressure_plate":3,"minecraft:coal_block":32,"minecraft:kelp":4,"minecraft:hopper":1,"minecraft:spawner":1,"minecraft:hay_block":42,"minecraft:tall_seagrass":3,"minecraft:furnace":2,"minecraft:dark_oak_trapdoor":6,"minecraft:iron_ore":57,"minecraft:cobbled_deepslate":2,"treechop:chopped_log":6,"minecraft:bell":1,"minecraft:bookshelf":3,"minecraft:deepslate_iron_ore":12,"minecraft:oak_stairs":1,"minecraft:lantern":2,"minecraft:bamboo":1,"minecraft:stone":43,"minecraft:iron_block":3,"minecraft:orange_bed":5,"minecraft:smithing_table":1,"minecraft:oak_slab":7,"minecraft:kelp_plant":14,"minecraft:clay":2,"minecraft:cornflower":1,"minecraft:oak_fence":1,"minecraft:crafting_table":4,"minecraft:torch":1,"minecraft:poppy":2,"minecraft:melon":2,"minecraft:chest":1,"minecraft:rose_bush":1,"minecraft:lectern":1,"minecraft:tall_grass":6,"minecraft:sugar_cane":5,"minecraft:iron_door":1,"minecraft:diorite":1,"minecraft:wall_torch":5,"minecraft:seagrass":3,"minecraft:spruce_stairs":2,"minecraft:wheat":1,"minecraft:birch_leaves":1,"minecraft:tnt":1,"minecraft:grass":40,"minecraft:oak_log":4,"minecraft:coal_ore":67,"minecraft:cocoa":1,"minecraft:dripstone_block":1,"minecraft:sand":1,"minecraft:dirt":25,"minecraft:cobweb":30,"minecraft:stonecutter":1,"minecraft:stone_bricks":5,"minecraft:dispenser":1,"minecraft:piston":1,"minecraft:oak_leaves":8,"minecraft:deepslate":3,"minecraft:fern":2},"minecraft:picked_up":{"minecraft:crafting_table":4,"minecraft:wheat":15,"minecraft:chicken":1,"minecraft:clay_ball":12,"minecraft:smithing_table":1,"minecraft:oak_stairs":1,"minecraft:stone_brick_wall":2,"minecraft:enchanted_book":1,"minecraft:brewing_stand":1,"minecraft:cornflower":1,"minecraft:string":31,"minecraft:dark_oak_trapdoor":6,"minecraft:item_frame":2,"minecraft:iron_shovel":1,"minecraft:experience_bottle":3,"minecraft:cobbled_deepslate":6,"minecraft:spruce_planks":1,"minecraft:rose_bush":1,"minecraft:iron_pickaxe":1,"minecraft:lectern":1,"minecraft:poppy":1,"minecraft:coal_block":32,"minecraft:quartz_stairs":1,"minecraft:melon_slice":15,"minecraft:sugar_cane":11,"minecraft:chest":1,"minecraft:piston":1,"minecraft:furnace":2,"minecraft:egg":3,"minecraft:dark_oak_sapling":4,"minecraft:stick":7,"minecraft:raw_iron":69,"minecraft:oak_fence":1,"minecraft:acacia_log":40,"minecraft:torch":11,"minecraft:spruce_stairs":2,"minecraft:porkchop":5,"minecraft:diorite":1,"minecraft:redstone":10,"minecraft:tnt":1,"minecraft:orange_bed":5,"minecraft:stone_sword":1,"minecraft:arrow":2,"minecraft:rotten_flesh":14,"minecraft:beetroot_seeds":2,"minecraft:hay_block":42,"minecraft:iron_block":3,"minecraft:glow_berries":2,"minecraft:mutton":3,"minecraft:cobblestone":44,"minecraft:feather":1,"minecraft:iron_door":1,"minecraft:potato":1,"minecraft:filled_map":2,"minecraft:oak_log":29,"minecraft:lapis_lazuli":7,"minecraft:dirt":23,"minecraft:lantern":6,"minecraft:cooked_mutton":1,"minecraft:bone":3,"minecraft:stone_bricks":5,"minecraft:kelp":106,"minecraft:stonecutter":1,"minecraft:wheat_seeds":30,"minecraft:bell":1,"minecraft:iron_ingot":2,"minecraft:cooked_chicken":1,"minecraft:bamboo":14,"minecraft:iron_sword":1,"minecraft:acacia_sapling":17,"minecraft:oak_planks":9,"minecraft:oak_slab":10,"minecraft:book":12,"minecraft:scaffolding":1,"minecraft:dandelion":1,"minecraft:oak_pressure_plate":3,"minecraft:dripstone_block":1,"minecraft:sand":1,"minecraft:white_bed":3,"minecraft:dark_oak_log":37,"minecraft:dispenser":1,"minecraft:writable_book":1,"minecraft:granite":1,"minecraft:gray_wool":1,"minecraft:emerald":3,"minecraft:bread":2,"minecraft:oak_sapling":8,"minecraft:coal":87,"minecraft:hopper":1},"minecraft:broken":{"minecraft:stone_pickaxe":1,"minecraft:stone_axe":1},"minecraft:killed_by":{"minecraft:player":2}},"DataVersion":3465}