{"stats":{"minecraft:crafted":{"minecraft:oak_planks":88,"minecraft:furnace":1,"minecraft:cooked_mutton":3,"minecraft:iron_boots":1,"minecraft:iron_axe":1,"minecraft:stone_pickaxe":2,"minecraft:chest":4,"minecraft:wheat":378,"minecraft:cooked_porkchop":3,"minecraft:crafting_table":4,"farmersdelight:iron_knife":1,"minecraft:wooden_pickaxe":1,"minecraft:iron_helmet":1,"minecraft:bucket":1,"minecraft:stone_axe":1,"minecraft:bread":126,"minecraft:air":0,"minecraft:oak_boat":2,"farmersdelight:cutting_board":1,"minecraft:iron_chestplate":1,"minecraft:shield":1,"minecraft:stick":18,"minecraft:iron_ingot":69,"minecraft:iron_pickaxe":1,"minecraft:iron_leggings":1,"minecraft:acacia_planks":12,"minecraft:torch":36},"minecraft:custom":{"minecraft:mob_kills":26,"minecraft:interact_with_crafting_table":28,"minecraft:open_barrel":5,"minecraft:bell_ring":3,"minecraft:eat_cake_slice":4,"minecraft:leave_game":1,"minecraft:time_since_death":7078,"minecraft:climb_one_cm":15278,"minecraft:sprint_one_cm":706039,"minecraft:walk_one_cm":561257,"minecraft:damage_blocked_by_shield":990,"minecraft:drop":108,"minecraft:talked_to_villager":2,"minecraft:play_time":229750,"minecraft:deaths":4,"minecraft:sneak_time":15215,"minecraft:walk_under_water_one_cm":10488,"minecraft:boat_one_cm":323685,"minecraft:interact_with_lectern":1,"minecraft:jump":4778,"minecraft:walk_on_water_one_cm":16193,"minecraft:total_world_time":229750,"minecraft:interact_with_furnace":46,"minecraft:sleep_in_bed":13,"minecraft:time_since_rest":7105,"minecraft:damage_taken":2807,"minecraft:damage_dealt":4573,"minecraft:swim_one_cm":25619,"minecraft:fly_one_cm":855189,"minecraft:open_chest":102,"minecraft:crouch_one_cm":32268,"minecraft:inspect_dispenser":1,"minecraft:fall_one_cm":128723,"minecraft:horse_one_cm":38184},"minecraft:used":{"minecraft:oak_fence":1,"minecraft:writable_book":1,"minecraft:stone_sword":2,"minecraft:acacia_log":10,"minecraft:armor_stand":2,"minecraft:chest":5,"minecraft:shield":22,"minecraft:iron_sword":43,"minecraft:quartz_stairs":1,"minecraft:cooked_chicken":5,"minecraft:orange_bed":4,"minecraft:torch":45,"minecraft:dirt":22,"minecraft:spruce_stairs":2,"minecraft:acacia_sapling":12,"minecraft:iron_axe":57,"farmersdelight:cutting_board":1,"minecraft:scaffolding":1,"minecraft:furnace":2,"minecraft:egg":2,"minecraft:cobbled_deepslate":4,"minecraft:acacia_planks":7,"minecraft:cooked_mutton":3,"farmersdelight:iron_knife":2,"minecraft:water_bucket":4,"minecraft:stone_pickaxe":162,"minecraft:oak_planks":7,"minecraft:wooden_pickaxe":15,"minecraft:oak_slab":10,"minecraft:crafting_table":7,"minecraft:blast_furnace":1,"minecraft:white_bed":3,"farmersdelight:rice":3,"minecraft:oak_log":4,"minecraft:cornflower":1,"minecraft:zombie_head":1,"minecraft:bread":47,"minecraft:iron_pickaxe":433,"minecraft:map":3,"minecraft:stone_axe":113,"minecraft:cobblestone":47,"minecraft:cooked_porkchop":2,"minecraft:bucket":5,"minecraft:oak_boat":2,"minecraft:experience_bottle":1},"minecraft:killed":{"minecraft:skeleton":2,"takesapillage:clay_golem":1,"minecraft:chicken":1,"minecraft:pig":2,"minecraft:creeper":1,"minecraft:sheep":4,"minecraft:zombie":15},"minecraft:dropped":{"farmersdelight:iron_knife":1,"minecraft:bread":32,"minecraft:iron_sword":1,"minecraft:wheat_seeds":3,"minecraft:tnt":2,"minecraft:cooked_porkchop":1,"minecraft:iron_helmet":1,"minecraft:feather":1,"minecraft:lantern":8,"minecraft:stick":1,"minecraft:item_frame":2,"minecraft:dirt":4,"minecraft:rose_bush":1,"minecraft:zombie_head":1,"minecraft:iron_leggings":1,"minecraft:oak_stairs":1,"minecraft:writable_book":1,"minecraft:sand":1,"minecraft:iron_shovel":1,"minecraft:chainmail_leggings":2,"minecraft:string":1,"minecraft:white_wool":2,"minecraft:acacia_planks":5,"minecraft:dandelion":1,"minecraft:bone":1,"minecraft:sugar_cane":9,"minecraft:stone_sword":1,"minecraft:rotten_flesh":3,"minecraft:iron_boots":4,"minecraft:oak_planks":17,"minecraft:cooked_mutton":1,"minecraft:filled_map":7,"minecraft:poppy":1,"minecraft:allium":3,"minecraft:spruce_planks":1,"minecraft:beetroot_seeds":1,"minecraft:stone_brick_wall":2,"minecraft:oak_sapling":1,"minecraft:acacia_sapling":5,"minecraft:stone_bricks":5,"minecraft:bell":1,"minecraft:polished_granite":1,"minecraft:egg":2},"minecraft:mined":{"minecraft:tuff":1,"minecraft:spruce_planks":1,"minecraft:white_bed":3,"minecraft:quartz_stairs":1,"minecraft:brewing_stand":1,"minecraft:granite":1,"minecraft:acacia_log":9,"minecraft:stone_brick_wall":2,"minecraft:grass_block":15,"minecraft:redstone_wire":10,"minecraft:oak_pressure_plate":3,"minecraft:coal_block":32,"farmersdelight:tomatoes":1,"minecraft:chiseled_stone_bricks":1,"minecraft:kelp":4,"minecraft:hopper":1,"minecraft:spawner":1,"farmersdelight:wild_onions":1,"minecraft:hay_block":42,"minecraft:tall_seagrass":3,"minecraft:furnace":2,"minecraft:dark_oak_trapdoor":6,"minecraft:fire":1,"minecraft:iron_ore":105,"minecraft:cobbled_deepslate":2,"minecraft:andesite":1,"treechop:chopped_log":6,"minecraft:bell":1,"minecraft:bookshelf":3,"minecraft:deepslate_iron_ore":12,"minecraft:oak_stairs":1,"minecraft:lantern":2,"minecraft:bamboo":1,"minecraft:stone":294,"minecraft:iron_block":4,"minecraft:orange_bed":5,"minecraft:smithing_table":1,"minecraft:oak_slab":7,"minecraft:lily_of_the_valley":1,"minecraft:kelp_plant":14,"minecraft:polished_granite":1,"minecraft:clay":2,"minecraft:cornflower":1,"minecraft:oak_fence":1,"minecraft:crafting_table":4,"minecraft:torch":2,"minecraft:blast_furnace":1,"minecraft:poppy":2,"minecraft:melon":2,"minecraft:chest":1,"minecraft:rose_bush":1,"minecraft:lectern":1,"minecraft:tall_grass":6,"minecraft:deepslate_gold_ore":1,"minecraft:sugar_cane":5,"minecraft:iron_door":2,"minecraft:diorite":1,"minecraft:wall_torch":5,"farmersdelight:wild_beetroots":3,"minecraft:seagrass":3,"minecraft:spruce_stairs":2,"farmersdelight:sandy_shrub":3,"minecraft:wheat":2,"minecraft:birch_leaves":1,"minecraft:tnt":1,"minecraft:grass":42,"minecraft:oak_log":4,"minecraft:coal_ore":81,"minecraft:cocoa":1,"minecraft:gravel":10,"minecraft:zombie_head":1,"minecraft:dripstone_block":1,"minecraft:sand":1,"minecraft:dirt":31,"minecraft:cobweb":30,"minecraft:stonecutter":1,"minecraft:stone_bricks":5,"minecraft:dispenser":1,"minecraft:piston":1,"minecraft:oak_leaves":12,"minecraft:deepslate":39,"minecraft:fern":2},"minecraft:picked_up":{"minecraft:iron_chestplate":1,"minecraft:crafting_table":4,"minecraft:allium":6,"minecraft:wheat":15,"minecraft:chicken":1,"minecraft:clay_ball":12,"minecraft:smithing_table":1,"minecraft:oak_stairs":1,"minecraft:stone_brick_wall":2,"minecraft:enchanted_book":1,"minecraft:brewing_stand":1,"minecraft:cornflower":1,"minecraft:iron_leggings":2,"minecraft:string":31,"minecraft:dark_oak_trapdoor":6,"minecraft:armor_stand":4,"minecraft:zombie_head":2,"minecraft:item_frame":2,"minecraft:iron_shovel":1,"minecraft:experience_bottle":6,"minecraft:cobbled_deepslate":44,"minecraft:spruce_planks":1,"farmersdelight:straw":2,"minecraft:rose_bush":1,"minecraft:iron_pickaxe":1,"minecraft:lectern":1,"minecraft:poppy":1,"minecraft:coal_block":32,"minecraft:quartz_stairs":1,"minecraft:melon_slice":15,"minecraft:sugar_cane":20,"minecraft:chest":1,"minecraft:iron_boots":5,"minecraft:piston":1,"minecraft:furnace":2,"minecraft:egg":4,"minecraft:dark_oak_sapling":4,"minecraft:stick":7,"minecraft:raw_iron":117,"minecraft:oak_fence":1,"minecraft:acacia_log":40,"minecraft:torch":13,"minecraft:spruce_stairs":2,"minecraft:porkchop":5,"farmersdelight:tomato_seeds":1,"minecraft:diorite":1,"minecraft:redstone":10,"minecraft:tnt":2,"minecraft:orange_bed":5,"minecraft:stone_sword":2,"minecraft:arrow":2,"minecraft:rotten_flesh":19,"minecraft:beetroot_seeds":3,"farmersdelight:onion":1,"minecraft:hay_block":42,"minecraft:iron_block":4,"minecraft:glow_berries":2,"minecraft:mutton":6,"minecraft:white_wool":2,"minecraft:cobblestone":298,"minecraft:feather":1,"farmersdelight:rice":3,"minecraft:iron_door":2,"minecraft:andesite":1,"minecraft:potato":2,"minecraft:filled_map":4,"minecraft:oak_log":29,"farmersdelight:tomato":2,"minecraft:lapis_lazuli":7,"minecraft:dirt":34,"minecraft:lantern":10,"minecraft:polished_granite":1,"minecraft:cooked_mutton":1,"minecraft:bone":3,"farmersdelight:iron_knife":1,"minecraft:stone_bricks":5,"minecraft:kelp":106,"minecraft:stonecutter":1,"minecraft:wheat_seeds":33,"minecraft:raw_gold":1,"minecraft:bell":1,"minecraft:iron_ingot":2,"minecraft:cooked_chicken":1,"minecraft:bamboo":14,"minecraft:iron_sword":1,"minecraft:acacia_sapling":17,"minecraft:oak_planks":15,"minecraft:oak_slab":10,"minecraft:book":12,"minecraft:scaffolding":1,"minecraft:gravel":9,"minecraft:dandelion":1,"minecraft:oak_pressure_plate":3,"minecraft:dripstone_block":1,"minecraft:sand":1,"farmersdelight:wild_rice":3,"minecraft:blast_furnace":1,"minecraft:white_bed":3,"minecraft:dark_oak_log":37,"minecraft:dispenser":1,"minecraft:iron_helmet":2,"minecraft:chainmail_leggings":2,"minecraft:writable_book":1,"minecraft:granite":1,"minecraft:gray_wool":1,"minecraft:emerald":4,"minecraft:bread":2,"minecraft:oak_sapling":8,"minecraft:coal":101,"minecraft:hopper":1},"minecraft:broken":{"minecraft:stone_pickaxe":1,"minecraft:stone_axe":1,"minecraft:iron_pickaxe":1},"minecraft:killed_by":{"minecraft:player":2,"minecraft:creeper":1,"minecraft:zombie":1}},"DataVersion":3465}