{"stats":{"minecraft:crafted":{"minecraft:oak_planks":16,"minecraft:crafting_table":1,"minecraft:wooden_pickaxe":1,"minecraft:stone_axe":1,"minecraft:bread":126,"minecraft:stick":8,"minecraft:stone_pickaxe":1,"minecraft:acacia_planks":12,"minecraft:torch":36,"minecraft:wheat":378},"minecraft:custom":{"minecraft:interact_with_furnace":1,"minecraft:mob_kills":7,"minecraft:interact_with_crafting_table":3,"minecraft:bell_ring":3,"minecraft:time_since_death":37947,"minecraft:sleep_in_bed":2,"minecraft:climb_one_cm":2615,"minecraft:time_since_rest":11194,"minecraft:sprint_one_cm":121824,"minecraft:damage_taken":476,"minecraft:walk_one_cm":85705,"minecraft:drop":51,"minecraft:damage_dealt":1032,"minecraft:swim_one_cm":4313,"minecraft:fly_one_cm":190590,"minecraft:open_chest":4,"minecraft:crouch_one_cm":4554,"minecraft:play_time":37947,"minecraft:sneak_time":1878,"minecraft:walk_under_water_one_cm":89,"minecraft:jump":1110,"minecraft:walk_on_water_one_cm":2265,"minecraft:total_world_time":37947,"minecraft:fall_one_cm":33472,"minecraft:inspect_dispenser":1},"minecraft:used":{"minecraft:acacia_log":10,"minecraft:stone_pickaxe":56,"minecraft:oak_planks":7,"minecraft:wooden_pickaxe":15,"minecraft:orange_bed":2,"minecraft:torch":11,"minecraft:dirt":14,"minecraft:crafting_table":2,"minecraft:acacia_sapling":12,"minecraft:bread":12,"minecraft:stone_axe":103,"minecraft:egg":1,"minecraft:acacia_planks":7},"minecraft:killed":{"minecraft:pig":1,"minecraft:sheep":2,"minecraft:zombie":2,"takesapillage:clay_golem":1,"minecraft:chicken":1},"minecraft:dropped":{"minecraft:bread":28,"minecraft:feather":1,"minecraft:oak_planks":7,"minecraft:poppy":1,"minecraft:dirt":1,"minecraft:spruce_planks":1,"minecraft:rose_bush":1,"minecraft:acacia_sapling":5,"minecraft:oak_sapling":1,"minecraft:sand":1,"minecraft:dandelion":1,"minecraft:string":1,"minecraft:egg":1,"minecraft:acacia_planks":5},"minecraft:mined":{"minecraft:oak_slab":2,"minecraft:spruce_planks":1,"minecraft:crafting_table":2,"minecraft:acacia_log":9,"minecraft:grass_block":7,"minecraft:poppy":1,"minecraft:melon":2,"minecraft:chest":1,"minecraft:rose_bush":1,"minecraft:tall_grass":2,"minecraft:sugar_cane":1,"minecraft:hopper":1,"minecraft:spawner":1,"minecraft:hay_block":42,"minecraft:iron_ore":9,"minecraft:wheat":1,"treechop:chopped_log":6,"minecraft:bell":1,"minecraft:grass":14,"minecraft:bookshelf":3,"minecraft:oak_log":2,"minecraft:coal_ore":38,"minecraft:cocoa":1,"minecraft:lantern":2,"minecraft:sand":1,"minecraft:dirt":20,"minecraft:bamboo":1,"minecraft:dispenser":1,"minecraft:stone":18,"minecraft:fern":2,"minecraft:oak_leaves":4,"minecraft:orange_bed":3},"minecraft:picked_up":{"minecraft:crafting_table":2,"minecraft:feather":1,"minecraft:chicken":1,"minecraft:clay_ball":4,"minecraft:oak_log":25,"minecraft:string":1,"minecraft:dirt":15,"minecraft:lantern":2,"minecraft:wheat_seeds":3,"minecraft:bell":1,"minecraft:spruce_planks":1,"minecraft:rose_bush":1,"minecraft:poppy":1,"minecraft:bamboo":14,"minecraft:melon_slice":15,"minecraft:sugar_cane":2,"minecraft:chest":1,"minecraft:acacia_sapling":17,"minecraft:oak_planks":9,"minecraft:egg":2,"minecraft:book":9,"minecraft:dark_oak_sapling":4,"minecraft:stick":7,"minecraft:raw_iron":9,"minecraft:torch":5,"minecraft:acacia_log":40,"minecraft:dandelion":1,"minecraft:porkchop":3,"minecraft:sand":1,"minecraft:dark_oak_log":37,"minecraft:orange_bed":3,"minecraft:dispenser":1,"minecraft:rotten_flesh":3,"minecraft:hay_block":42,"minecraft:gray_wool":1,"minecraft:oak_sapling":8,"minecraft:glow_berries":2,"minecraft:coal":37,"minecraft:mutton":3,"minecraft:cobblestone":18,"minecraft:hopper":1}},"DataVersion":3465}