{"stats":{"minecraft:crafted":{"minecraft:wooden_sword":1,"minecraft:oak_planks":32,"minecraft:stone_pickaxe":1,"minecraft:chest":1,"minecraft:wooden_shovel":1,"minecraft:crafting_table":6,"minecraft:jungle_boat":1,"minecraft:stone_axe":1,"minecraft:bread":18,"minecraft:jungle_planks":156,"minecraft:shield":2,"minecraft:stick":40,"minecraft:iron_pickaxe":1,"minecraft:wooden_axe":1,"minecraft:stone_sword":1,"minecraft:torch":92},"minecraft:custom":{"minecraft:mob_kills":16,"minecraft:interact_with_crafting_table":12,"minecraft:interact_with_campfire":8,"minecraft:bell_ring":6,"minecraft:eat_cake_slice":4,"minecraft:time_since_death":126443,"minecraft:climb_one_cm":5439,"minecraft:sprint_one_cm":226883,"minecraft:walk_one_cm":572812,"minecraft:damage_blocked_by_shield":180,"minecraft:drop":50,"minecraft:talked_to_villager":4,"minecraft:sneak_time":12141,"minecraft:play_time":129895,"minecraft:deaths":1,"minecraft:walk_under_water_one_cm":1854,"minecraft:boat_one_cm":82448,"minecraft:interact_with_lectern":2,"minecraft:jump":1825,"minecraft:interact_with_blast_furnace":1,"minecraft:walk_on_water_one_cm":6603,"minecraft:total_world_time":129895,"minecraft:sleep_in_bed":4,"minecraft:time_since_rest":1114,"minecraft:damage_taken":1133,"minecraft:damage_dealt":3204,"minecraft:swim_one_cm":5767,"minecraft:player_kills":2,"minecraft:fly_one_cm":217330,"minecraft:open_chest":20,"minecraft:crouch_one_cm":39707,"minecraft:fall_one_cm":36098,"minecraft:inspect_dispenser":1},"minecraft:used":{"minecraft:moss_block":1,"minecraft:iron_bars":12,"minecraft:writable_book":10,"minecraft:rose_bush":1,"minecraft:stone_sword":19,"minecraft:chest":2,"minecraft:shield":4,"minecraft:iron_sword":6,"minecraft:wooden_shovel":29,"minecraft:oak_door":1,"minecraft:torch":41,"minecraft:dirt":17,"minecraft:jungle_planks":4,"minecraft:spruce_stairs":2,"minecraft:carrot":9,"minecraft:wooden_axe":67,"minecraft:lantern":2,"minecraft:blue_orchid":1,"minecraft:item_frame":2,"minecraft:repeater":1,"minecraft:brown_carpet":4,"minecraft:scaffolding":4,"minecraft:leather_leggings":1,"minecraft:stone_pickaxe":11,"minecraft:oak_planks":3,"minecraft:leather_chestplate":1,"minecraft:spruce_sign":4,"minecraft:leather_boots":1,"minecraft:jungle_boat":1,"minecraft:salmon":1,"minecraft:crafting_table":9,"minecraft:bread":4,"minecraft:chicken":1,"minecraft:melon_slice":47,"minecraft:iron_pickaxe":125,"minecraft:leather_helmet":1,"minecraft:spruce_trapdoor":10,"minecraft:gravel":1,"minecraft:stone_axe":63,"minecraft:wooden_sword":34,"minecraft:cobblestone":5,"minecraft:yellow_bed":3},"minecraft:killed":{"minecraft:skeleton":6,"minecraft:chicken":1,"minecraft:pig":1,"minecraft:zombie_villager":1,"minecraft:zombie":5,"minecraft:cow":1},"minecraft:dropped":{"minecraft:iron_ingot":1,"minecraft:bread":9,"minecraft:wheat_seeds":117,"minecraft:mossy_cobblestone":1,"minecraft:crafting_table":1,"minecraft:feather":2,"minecraft:glow_berries":2,"minecraft:book":1,"minecraft:granite":3,"minecraft:coal":26,"minecraft:stick":12,"minecraft:dirt":19,"minecraft:grass":2,"minecraft:dispenser":1,"minecraft:repeater":1,"minecraft:jungle_sapling":1,"minecraft:writable_book":9,"minecraft:wooden_sword":3,"minecraft:string":2,"minecraft:bone":11,"minecraft:stone_sword":1,"minecraft:tall_grass":2,"minecraft:rotten_flesh":3,"minecraft:shield":1,"minecraft:jungle_log":32,"minecraft:oak_sapling":6,"minecraft:azalea":2,"minecraft:bamboo":11,"minecraft:arrow":8,"minecraft:stone_pickaxe":1,"minecraft:scaffolding":7},"minecraft:mined":{"minecraft:spruce_planks":1,"minecraft:mossy_cobblestone":4,"minecraft:oak_door":1,"minecraft:potted_cactus":1,"minecraft:spruce_trapdoor":12,"minecraft:granite":7,"minecraft:grass_block":30,"minecraft:redstone_wire":10,"minecraft:moss_block":1,"minecraft:iron_ore":22,"minecraft:sticky_piston":3,"treechop:chopped_log":3,"minecraft:bookshelf":3,"minecraft:cave_vines":1,"minecraft:vine":6,"minecraft:iron_bars":12,"minecraft:lantern":1,"minecraft:bamboo":1,"minecraft:stone":17,"minecraft:tripwire":1,"minecraft:jungle_trapdoor":7,"minecraft:scaffolding":15,"minecraft:red_bed":1,"minecraft:oak_fence":1,"minecraft:clay":7,"minecraft:crafting_table":4,"minecraft:torch":1,"minecraft:jungle_stairs":1,"minecraft:melon":17,"minecraft:chest":1,"minecraft:campfire":2,"minecraft:copper_ore":1,"minecraft:cobblestone":6,"minecraft:oak_planks":2,"minecraft:wall_torch":2,"minecraft:spruce_sign":1,"minecraft:spruce_stairs":5,"minecraft:repeater":1,"minecraft:yellow_bed":4,"minecraft:grass":18,"minecraft:coal_ore":54,"minecraft:gravel":1,"minecraft:flower_pot":1,"minecraft:dirt":5,"minecraft:dispenser":1,"minecraft:gold_ore":2,"minecraft:oak_leaves":5,"minecraft:fern":2},"minecraft:picked_up":{"minecraft:charcoal":4,"minecraft:crafting_table":4,"minecraft:wheat":61,"minecraft:flower_pot":2,"minecraft:chicken":1,"minecraft:clay_ball":46,"minecraft:jungle_trapdoor":7,"minecraft:string":2,"minecraft:raw_copper":2,"minecraft:wooden_sword":3,"minecraft:compass":1,"minecraft:sticky_piston":3,"minecraft:item_frame":1,"minecraft:blue_orchid":1,"minecraft:beetroot":1,"minecraft:spruce_planks":1,"minecraft:beef":5,"minecraft:rose_bush":1,"minecraft:jungle_sapling":1,"minecraft:azalea":2,"minecraft:poppy":3,"minecraft:melon_slice":65,"minecraft:chest":1,"minecraft:spruce_trapdoor":12,"farmersdelight:cabbage_seeds":4,"minecraft:egg":1,"minecraft:stick":18,"minecraft:raw_iron":23,"minecraft:oak_door":1,"minecraft:torch":3,"minecraft:spruce_stairs":5,"minecraft:porkchop":2,"minecraft:carrot":11,"minecraft:redstone":11,"minecraft:jungle_sign":2,"minecraft:brown_carpet":12,"minecraft:cactus":1,"minecraft:stone_sword":1,"minecraft:arrow":11,"minecraft:rotten_flesh":7,"minecraft:beetroot_seeds":2,"minecraft:jungle_stairs":1,"minecraft:glow_berries":2,"minecraft:mutton":2,"minecraft:iron_bars":12,"minecraft:cobblestone":18,"minecraft:feather":2,"minecraft:repeater":2,"minecraft:jungle_log":71,"minecraft:leather":2,"minecraft:red_mushroom":15,"minecraft:oak_log":8,"minecraft:yellow_bed":4,"minecraft:lapis_lazuli":23,"minecraft:map":1,"minecraft:paper":1,"minecraft:dirt":36,"minecraft:lantern":2,"minecraft:bone":14,"minecraft:wheat_seeds":126,"minecraft:iron_ingot":1,"minecraft:tall_grass":2,"minecraft:rabbit":4,"minecraft:bamboo":11,"minecraft:moss_block":1,"minecraft:iron_sword":1,"minecraft:book":10,"minecraft:scaffolding":21,"minecraft:gravel":1,"minecraft:grass_block":1,"minecraft:mossy_cobblestone":1,"minecraft:dispenser":1,"minecraft:stone_axe":1,"minecraft:writable_book":10,"minecraft:granite":3,"minecraft:grass":2,"minecraft:spruce_sign":9,"minecraft:oak_sapling":6,"minecraft:coal":79},"minecraft:broken":{"minecraft:wooden_axe":1},"minecraft:killed_by":{"minecraft:zombie":1}},"DataVersion":3465}