{"stats":{"minecraft:crafted":{"minecraft:brick":1,"minecraft:wooden_sword":1,"minecraft:oak_planks":40,"minecraft:furnace":2,"minecraft:cobblestone_stairs":172,"minecraft:bone_meal":3,"minecraft:cooked_mutton":2,"minecraft:diamond_helmet":1,"minecraft:iron_boots":1,"minecraft:stone_pickaxe":4,"minecraft:chest":5,"minecraft:cooked_beef":1,"minecraft:wooden_shovel":1,"minecraft:cooked_porkchop":2,"minecraft:crafting_table":9,"minecraft:jungle_boat":1,"minecraft:iron_helmet":1,"minecraft:bucket":1,"minecraft:birch_planks":40,"minecraft:stone_axe":1,"farmersdelight:skillet":1,"minecraft:bread":18,"minecraft:air":0,"minecraft:jungle_planks":156,"minecraft:iron_chestplate":1,"minecraft:diamond_pickaxe":1,"minecraft:shield":2,"minecraft:stick":92,"minecraft:iron_ingot":152,"minecraft:iron_pickaxe":8,"minecraft:wooden_axe":1,"minecraft:stone_sword":1,"minecraft:iron_leggings":1,"minecraft:torch":204,"minecraft:diamond_chestplate":1,"portablecraftingtable:portable_crafting_table":1},"minecraft:custom":{"minecraft:mob_kills":24,"minecraft:interact_with_crafting_table":37,"minecraft:interact_with_campfire":8,"minecraft:bell_ring":6,"minecraft:eat_cake_slice":4,"minecraft:leave_game":1,"minecraft:time_since_death":12238,"minecraft:climb_one_cm":5439,"minecraft:sprint_one_cm":597331,"minecraft:walk_one_cm":1139075,"minecraft:damage_blocked_by_shield":1010,"minecraft:drop":61,"minecraft:talked_to_villager":24,"minecraft:play_time":295692,"minecraft:deaths":3,"minecraft:sneak_time":21145,"minecraft:walk_under_water_one_cm":4186,"minecraft:boat_one_cm":82448,"minecraft:interact_with_lectern":4,"minecraft:jump":4122,"minecraft:interact_with_blast_furnace":1,"minecraft:walk_on_water_one_cm":17426,"minecraft:total_world_time":295692,"minecraft:interact_with_furnace":30,"minecraft:pot_flower":1,"minecraft:sleep_in_bed":7,"minecraft:time_since_rest":12268,"minecraft:damage_taken":2654,"minecraft:damage_dealt":5203,"minecraft:swim_one_cm":8747,"minecraft:player_kills":2,"minecraft:fly_one_cm":565770,"minecraft:open_chest":78,"minecraft:crouch_one_cm":62843,"minecraft:fall_one_cm":89072,"minecraft:inspect_dispenser":1,"minecraft:horse_one_cm":102260},"minecraft:used":{"minecraft:iron_bars":12,"minecraft:moss_block":1,"minecraft:rose_bush":1,"minecraft:writable_book":12,"minecraft:stone_sword":73,"minecraft:chest":6,"minecraft:shield":24,"minecraft:iron_sword":39,"minecraft:wooden_shovel":29,"minecraft:oak_door":1,"minecraft:torch":280,"minecraft:dirt":17,"minecraft:white_carpet":2,"minecraft:spruce_stairs":2,"minecraft:jungle_planks":4,"minecraft:carrot":36,"minecraft:tuff":8,"minecraft:wooden_axe":67,"minecraft:lantern":2,"minecraft:blue_orchid":1,"minecraft:repeater":1,"minecraft:item_frame":2,"minecraft:brown_carpet":4,"minecraft:scaffolding":4,"minecraft:furnace":2,"minecraft:potato":2,"minecraft:cooked_beef":5,"farmersdelight:tomato_seeds":3,"minecraft:cobbled_deepslate":29,"minecraft:wheat_seeds":2,"minecraft:cooked_mutton":2,"minecraft:water_bucket":4,"minecraft:leather_leggings":1,"minecraft:cobblestone_stairs":190,"minecraft:stone_pickaxe":404,"minecraft:oak_planks":3,"minecraft:leather_chestplate":1,"minecraft:spruce_sign":4,"minecraft:leather_boots":1,"minecraft:jungle_boat":1,"minecraft:salmon":1,"minecraft:crafting_table":13,"minecraft:apple":4,"minecraft:chicken":1,"minecraft:melon_slice":47,"minecraft:bread":9,"minecraft:iron_pickaxe":1274,"minecraft:leather_helmet":1,"minecraft:spruce_trapdoor":12,"minecraft:gravel":1,"minecraft:stone_axe":85,"minecraft:wooden_sword":34,"minecraft:cobblestone":115,"minecraft:cooked_porkchop":2,"minecraft:bucket":5,"minecraft:yellow_bed":6},"minecraft:killed":{"minecraft:skeleton":10,"minecraft:chicken":1,"minecraft:pig":1,"minecraft:zombie_villager":1,"takesapillage:skirmisher":1,"minecraft:zombie":8,"minecraft:cow":1},"minecraft:dropped":{"farmersdelight:tomato_seeds":3,"minecraft:iron_ingot":1,"minecraft:bread":9,"minecraft:birch_planks":20,"minecraft:wheat_seeds":118,"minecraft:mossy_cobblestone":1,"minecraft:crafting_table":1,"minecraft:glow_berries":2,"minecraft:feather":2,"minecraft:cobblestone":4,"minecraft:book":1,"minecraft:granite":3,"minecraft:coal":26,"minecraft:stick":12,"minecraft:dirt":19,"minecraft:grass":2,"minecraft:dispenser":1,"minecraft:repeater":1,"minecraft:jungle_sapling":1,"minecraft:writable_book":9,"minecraft:wooden_sword":3,"minecraft:iron_pickaxe":2,"minecraft:string":2,"minecraft:bone":18,"minecraft:stone_sword":2,"minecraft:tall_grass":2,"minecraft:rotten_flesh":3,"minecraft:shield":1,"minecraft:jungle_log":32,"minecraft:azalea":2,"minecraft:oak_sapling":6,"minecraft:bamboo":11,"minecraft:arrow":8,"minecraft:stone_pickaxe":1,"minecraft:scaffolding":7},"minecraft:mined":{"minecraft:tuff":35,"minecraft:spruce_planks":1,"minecraft:mossy_cobblestone":4,"minecraft:deepslate_diamond_ore":72,"minecraft:oak_door":1,"minecraft:cobblestone_stairs":35,"minecraft:potted_cactus":1,"minecraft:spruce_trapdoor":12,"minecraft:granite":25,"minecraft:grass_block":30,"minecraft:redstone_wire":10,"minecraft:moss_block":1,"minecraft:spawner":2,"minecraft:iron_ore":165,"minecraft:sticky_piston":3,"minecraft:cobbled_deepslate":2,"minecraft:andesite":1,"treechop:chopped_log":5,"minecraft:bookshelf":3,"minecraft:cave_vines":1,"minecraft:vine":6,"minecraft:iron_bars":17,"minecraft:lantern":1,"minecraft:bamboo":1,"minecraft:stone":674,"minecraft:tripwire":1,"minecraft:jungle_trapdoor":7,"minecraft:scaffolding":15,"minecraft:red_bed":1,"minecraft:clay":7,"minecraft:oak_fence":1,"minecraft:crafting_table":7,"minecraft:torch":22,"minecraft:jungle_stairs":1,"minecraft:melon":17,"minecraft:chest":1,"minecraft:campfire":2,"minecraft:copper_ore":1,"minecraft:cobblestone":18,"minecraft:lapis_ore":4,"minecraft:oak_planks":2,"minecraft:diorite":2,"minecraft:spruce_sign":1,"minecraft:wall_torch":10,"minecraft:spruce_stairs":5,"minecraft:repeater":1,"minecraft:wheat":4,"minecraft:white_carpet":1,"minecraft:yellow_bed":6,"minecraft:grass":18,"minecraft:coal_ore":149,"minecraft:gravel":45,"minecraft:flower_pot":1,"minecraft:dripstone_block":1,"minecraft:dirt":8,"minecraft:cobweb":57,"minecraft:dispenser":1,"minecraft:gold_ore":2,"minecraft:oak_leaves":6,"minecraft:deepslate":454,"minecraft:fern":2},"minecraft:picked_up":{"minecraft:charcoal":4,"minecraft:crafting_table":7,"minecraft:wheat":156,"minecraft:chicken":1,"minecraft:flower_pot":2,"minecraft:clay_ball":46,"minecraft:jungle_trapdoor":7,"minecraft:string":59,"minecraft:raw_copper":2,"minecraft:wooden_sword":3,"minecraft:white_carpet":2,"minecraft:sticky_piston":3,"minecraft:item_frame":1,"minecraft:compass":1,"minecraft:blue_orchid":1,"minecraft:beetroot":9,"minecraft:cobbled_deepslate":423,"minecraft:spruce_planks":1,"minecraft:beef":5,"minecraft:rose_bush":1,"minecraft:jungle_sapling":1,"minecraft:azalea":2,"minecraft:poppy":3,"minecraft:melon_slice":65,"minecraft:chest":3,"minecraft:birch_sapling":3,"minecraft:spruce_trapdoor":12,"farmersdelight:cabbage_seeds":4,"minecraft:egg":1,"minecraft:stick":18,"minecraft:raw_iron":166,"minecraft:oak_door":1,"minecraft:torch":47,"minecraft:spruce_stairs":5,"minecraft:porkchop":2,"farmersdelight:tomato_seeds":6,"minecraft:diorite":2,"minecraft:carrot":85,"minecraft:redstone":11,"minecraft:jungle_sign":2,"minecraft:brown_carpet":12,"minecraft:stone_sword":1,"minecraft:arrow":14,"minecraft:cactus":1,"minecraft:rotten_flesh":13,"minecraft:beetroot_seeds":18,"minecraft:jungle_stairs":1,"minecraft:saddle":1,"minecraft:glow_berries":2,"minecraft:mutton":2,"minecraft:iron_bars":17,"minecraft:cobblestone":694,"minecraft:birch_log":10,"minecraft:feather":2,"minecraft:cooked_beef":4,"minecraft:repeater":2,"minecraft:andesite":1,"minecraft:jungle_log":71,"minecraft:leather":2,"minecraft:red_mushroom":15,"minecraft:potato":37,"minecraft:flint":2,"minecraft:tuff":27,"minecraft:oak_log":10,"minecraft:yellow_bed":6,"minecraft:cobblestone_stairs":35,"minecraft:paper":1,"minecraft:lapis_lazuli":52,"minecraft:map":1,"farmersdelight:tomato":2,"minecraft:dirt":39,"minecraft:lantern":2,"minecraft:bone":21,"minecraft:apple":3,"minecraft:wheat_seeds":300,"minecraft:iron_ingot":1,"minecraft:tall_grass":2,"minecraft:rabbit":4,"minecraft:bamboo":11,"minecraft:moss_block":1,"minecraft:iron_sword":2,"minecraft:book":10,"minecraft:scaffolding":21,"minecraft:gravel":78,"minecraft:grass_block":1,"minecraft:mossy_cobblestone":1,"minecraft:dispenser":1,"minecraft:diamond":72,"minecraft:stone_axe":1,"minecraft:writable_book":10,"minecraft:granite":21,"minecraft:grass":2,"minecraft:spruce_sign":9,"minecraft:emerald":2,"minecraft:oak_sapling":11,"minecraft:coal":174},"minecraft:broken":{"minecraft:stone_pickaxe":3,"minecraft:iron_pickaxe":5,"minecraft:wooden_axe":1},"minecraft:killed_by":{"minecraft:creeper":1,"takesapillage:skirmisher":1,"minecraft:zombie":1}},"DataVersion":3465}