{"stats":{"minecraft:crafted":{"minecraft:wooden_sword":1,"minecraft:oak_planks":32,"minecraft:stone_pickaxe":1,"minecraft:wooden_shovel":1,"minecraft:crafting_table":5,"minecraft:jungle_boat":1,"minecraft:stone_axe":1,"minecraft:bread":18,"minecraft:jungle_planks":156,"minecraft:shield":2,"minecraft:stick":40,"minecraft:iron_pickaxe":1,"minecraft:wooden_axe":1,"minecraft:stone_sword":1,"minecraft:torch":92},"minecraft:custom":{"minecraft:mob_kills":15,"minecraft:interact_with_crafting_table":9,"minecraft:bell_ring":6,"minecraft:eat_cake_slice":4,"minecraft:time_since_death":78443,"minecraft:climb_one_cm":3718,"minecraft:sprint_one_cm":147660,"minecraft:walk_one_cm":376348,"minecraft:damage_blocked_by_shield":180,"minecraft:drop":40,"minecraft:talked_to_villager":1,"minecraft:sneak_time":7220,"minecraft:play_time":81895,"minecraft:deaths":1,"minecraft:walk_under_water_one_cm":1854,"minecraft:boat_one_cm":82448,"minecraft:jump":1410,"minecraft:interact_with_blast_furnace":1,"minecraft:walk_on_water_one_cm":6506,"minecraft:total_world_time":81895,"minecraft:sleep_in_bed":1,"minecraft:time_since_rest":47194,"minecraft:damage_taken":908,"minecraft:damage_dealt":2527,"minecraft:swim_one_cm":5767,"minecraft:fly_one_cm":142379,"minecraft:open_chest":9,"minecraft:crouch_one_cm":27042,"minecraft:fall_one_cm":26288,"minecraft:inspect_dispenser":1},"minecraft:used":{"minecraft:moss_block":1,"minecraft:rose_bush":1,"minecraft:stone_sword":19,"minecraft:shield":4,"minecraft:wooden_shovel":29,"minecraft:torch":41,"minecraft:dirt":17,"minecraft:jungle_planks":4,"minecraft:spruce_stairs":1,"minecraft:wooden_axe":67,"minecraft:item_frame":2,"minecraft:repeater":1,"minecraft:leather_leggings":1,"minecraft:stone_pickaxe":11,"minecraft:oak_planks":3,"minecraft:leather_chestplate":1,"minecraft:leather_boots":1,"minecraft:jungle_boat":1,"minecraft:salmon":1,"minecraft:crafting_table":8,"minecraft:chicken":1,"minecraft:melon_slice":47,"minecraft:iron_pickaxe":111,"minecraft:leather_helmet":1,"minecraft:stone_axe":13,"minecraft:wooden_sword":34,"minecraft:cobblestone":5,"minecraft:yellow_bed":2},"minecraft:killed":{"minecraft:skeleton":6,"minecraft:chicken":1,"minecraft:pig":1,"minecraft:zombie_villager":1,"minecraft:zombie":4,"minecraft:cow":1},"minecraft:dropped":{"minecraft:iron_ingot":1,"minecraft:bread":9,"minecraft:wheat_seeds":117,"minecraft:mossy_cobblestone":1,"minecraft:crafting_table":1,"minecraft:feather":2,"minecraft:glow_berries":2,"minecraft:book":1,"minecraft:granite":3,"minecraft:coal":26,"minecraft:stick":12,"minecraft:dirt":19,"minecraft:grass":2,"minecraft:dispenser":1,"minecraft:repeater":1,"minecraft:jungle_sapling":1,"minecraft:wooden_sword":3,"minecraft:string":2,"minecraft:bone":11,"minecraft:stone_sword":1,"minecraft:tall_grass":2,"minecraft:rotten_flesh":3,"minecraft:shield":1,"minecraft:jungle_log":32,"minecraft:oak_sapling":6,"minecraft:azalea":2,"minecraft:bamboo":11,"minecraft:arrow":8,"minecraft:stone_pickaxe":1},"minecraft:mined":{"minecraft:spruce_planks":1,"minecraft:mossy_cobblestone":4,"minecraft:granite":7,"minecraft:grass_block":30,"minecraft:redstone_wire":10,"minecraft:moss_block":1,"minecraft:iron_ore":22,"minecraft:sticky_piston":3,"treechop:chopped_log":3,"minecraft:cave_vines":1,"minecraft:vine":6,"minecraft:bamboo":1,"minecraft:stone":17,"minecraft:tripwire":1,"minecraft:red_bed":1,"minecraft:clay":7,"minecraft:crafting_table":4,"minecraft:torch":1,"minecraft:melon":17,"minecraft:chest":1,"minecraft:copper_ore":1,"minecraft:cobblestone":6,"minecraft:oak_planks":2,"minecraft:wall_torch":2,"minecraft:spruce_stairs":1,"minecraft:repeater":1,"minecraft:yellow_bed":4,"minecraft:grass":18,"minecraft:coal_ore":54,"minecraft:dirt":5,"minecraft:dispenser":1,"minecraft:gold_ore":2,"minecraft:oak_leaves":1,"minecraft:fern":2},"minecraft:picked_up":{"minecraft:crafting_table":4,"minecraft:wheat":56,"minecraft:chicken":1,"minecraft:clay_ball":46,"minecraft:string":2,"minecraft:raw_copper":2,"minecraft:wooden_sword":3,"minecraft:sticky_piston":3,"minecraft:item_frame":1,"minecraft:spruce_planks":1,"minecraft:beef":3,"minecraft:rose_bush":1,"minecraft:jungle_sapling":1,"minecraft:azalea":2,"minecraft:melon_slice":65,"minecraft:chest":1,"farmersdelight:cabbage_seeds":4,"minecraft:egg":1,"minecraft:stick":18,"minecraft:raw_iron":23,"minecraft:torch":3,"minecraft:spruce_stairs":1,"minecraft:porkchop":2,"minecraft:redstone":11,"minecraft:stone_sword":1,"minecraft:arrow":11,"minecraft:rotten_flesh":3,"minecraft:glow_berries":2,"minecraft:cobblestone":18,"minecraft:feather":2,"minecraft:repeater":2,"minecraft:jungle_log":71,"minecraft:leather":2,"minecraft:red_mushroom":15,"minecraft:oak_log":8,"minecraft:yellow_bed":4,"minecraft:dirt":36,"minecraft:bone":12,"minecraft:wheat_seeds":117,"minecraft:iron_ingot":1,"minecraft:tall_grass":2,"minecraft:bamboo":11,"minecraft:moss_block":1,"minecraft:iron_sword":1,"minecraft:book":1,"minecraft:mossy_cobblestone":1,"minecraft:dispenser":1,"minecraft:granite":3,"minecraft:grass":2,"minecraft:oak_sapling":6,"minecraft:coal":79},"minecraft:broken":{"minecraft:wooden_axe":1},"minecraft:killed_by":{"minecraft:zombie":1}},"DataVersion":3465}