{"stats":{"minecraft:crafted":{"minecraft:brick":1,"minecraft:wooden_sword":1,"minecraft:oak_planks":32,"minecraft:furnace":2,"minecraft:cobblestone_stairs":92,"minecraft:bone_meal":3,"minecraft:cooked_mutton":2,"minecraft:iron_boots":1,"minecraft:stone_pickaxe":4,"minecraft:chest":1,"minecraft:cooked_beef":1,"minecraft:wooden_shovel":1,"minecraft:cooked_porkchop":2,"minecraft:crafting_table":7,"minecraft:iron_helmet":1,"minecraft:jungle_boat":1,"minecraft:stone_axe":1,"farmersdelight:skillet":1,"minecraft:air":0,"minecraft:bread":18,"minecraft:jungle_planks":156,"minecraft:iron_chestplate":1,"minecraft:shield":2,"minecraft:stick":68,"minecraft:iron_ingot":88,"minecraft:iron_pickaxe":3,"minecraft:wooden_axe":1,"minecraft:stone_sword":1,"minecraft:iron_leggings":1,"minecraft:torch":172},"minecraft:custom":{"minecraft:mob_kills":20,"minecraft:interact_with_crafting_table":27,"minecraft:interact_with_campfire":8,"minecraft:bell_ring":6,"minecraft:eat_cake_slice":4,"minecraft:time_since_death":40111,"minecraft:climb_one_cm":5439,"minecraft:sprint_one_cm":397279,"minecraft:walk_one_cm":887682,"minecraft:damage_blocked_by_shield":600,"minecraft:drop":56,"minecraft:talked_to_villager":16,"minecraft:sneak_time":16372,"minecraft:play_time":225895,"minecraft:deaths":2,"minecraft:walk_under_water_one_cm":1854,"minecraft:boat_one_cm":82448,"minecraft:interact_with_lectern":4,"minecraft:jump":3268,"minecraft:interact_with_blast_furnace":1,"minecraft:walk_on_water_one_cm":7032,"minecraft:total_world_time":225895,"minecraft:interact_with_furnace":26,"minecraft:sleep_in_bed":7,"minecraft:time_since_rest":40174,"minecraft:damage_taken":1732,"minecraft:damage_dealt":4062,"minecraft:swim_one_cm":5767,"minecraft:player_kills":2,"minecraft:fly_one_cm":439663,"minecraft:open_chest":54,"minecraft:crouch_one_cm":53018,"minecraft:fall_one_cm":69835,"minecraft:inspect_dispenser":1,"minecraft:horse_one_cm":102260},"minecraft:used":{"minecraft:moss_block":1,"minecraft:iron_bars":12,"minecraft:writable_book":12,"minecraft:rose_bush":1,"minecraft:stone_sword":55,"minecraft:chest":2,"minecraft:shield":16,"minecraft:iron_sword":6,"minecraft:wooden_shovel":29,"minecraft:oak_door":1,"minecraft:torch":173,"minecraft:dirt":17,"minecraft:white_carpet":2,"minecraft:jungle_planks":4,"minecraft:spruce_stairs":2,"minecraft:carrot":9,"minecraft:wooden_axe":67,"minecraft:lantern":2,"minecraft:blue_orchid":1,"minecraft:item_frame":2,"minecraft:repeater":1,"minecraft:brown_carpet":4,"minecraft:scaffolding":4,"minecraft:furnace":2,"minecraft:potato":2,"minecraft:cooked_beef":5,"farmersdelight:tomato_seeds":3,"minecraft:wheat_seeds":1,"minecraft:leather_leggings":1,"minecraft:cobblestone_stairs":108,"minecraft:stone_pickaxe":404,"minecraft:oak_planks":3,"minecraft:leather_chestplate":1,"minecraft:spruce_sign":4,"minecraft:leather_boots":1,"minecraft:jungle_boat":1,"minecraft:salmon":1,"minecraft:crafting_table":12,"minecraft:bread":9,"minecraft:chicken":1,"minecraft:melon_slice":47,"minecraft:iron_pickaxe":628,"minecraft:leather_helmet":1,"minecraft:spruce_trapdoor":12,"minecraft:gravel":1,"minecraft:stone_axe":72,"minecraft:wooden_sword":34,"minecraft:cobblestone":71,"minecraft:yellow_bed":4},"minecraft:killed":{"minecraft:skeleton":8,"minecraft:chicken":1,"minecraft:pig":1,"minecraft:zombie_villager":1,"minecraft:zombie":7,"minecraft:cow":1},"minecraft:dropped":{"minecraft:iron_ingot":1,"minecraft:bread":9,"minecraft:wheat_seeds":118,"minecraft:mossy_cobblestone":1,"minecraft:crafting_table":1,"minecraft:cobblestone":4,"minecraft:feather":2,"minecraft:glow_berries":2,"minecraft:book":1,"minecraft:granite":3,"minecraft:coal":26,"minecraft:stick":12,"minecraft:dirt":19,"minecraft:grass":2,"minecraft:dispenser":1,"minecraft:repeater":1,"minecraft:jungle_sapling":1,"minecraft:writable_book":9,"minecraft:wooden_sword":3,"minecraft:string":2,"minecraft:bone":18,"minecraft:stone_sword":1,"minecraft:tall_grass":2,"minecraft:rotten_flesh":3,"minecraft:shield":1,"minecraft:jungle_log":32,"minecraft:oak_sapling":6,"minecraft:azalea":2,"minecraft:bamboo":11,"minecraft:arrow":8,"minecraft:stone_pickaxe":1,"minecraft:scaffolding":7},"minecraft:mined":{"minecraft:spruce_planks":1,"minecraft:mossy_cobblestone":4,"minecraft:oak_door":1,"minecraft:cobblestone_stairs":31,"minecraft:potted_cactus":1,"minecraft:spruce_trapdoor":12,"minecraft:granite":25,"minecraft:grass_block":30,"minecraft:redstone_wire":10,"minecraft:moss_block":1,"minecraft:spawner":1,"minecraft:iron_ore":159,"minecraft:sticky_piston":3,"minecraft:andesite":1,"treechop:chopped_log":3,"minecraft:bookshelf":3,"minecraft:cave_vines":1,"minecraft:vine":6,"minecraft:iron_bars":12,"minecraft:lantern":1,"minecraft:bamboo":1,"minecraft:stone":617,"minecraft:tripwire":1,"minecraft:jungle_trapdoor":7,"minecraft:scaffolding":15,"minecraft:red_bed":1,"minecraft:oak_fence":1,"minecraft:clay":7,"minecraft:crafting_table":6,"minecraft:torch":15,"minecraft:jungle_stairs":1,"minecraft:melon":17,"minecraft:chest":1,"minecraft:campfire":2,"minecraft:copper_ore":1,"minecraft:cobblestone":12,"minecraft:lapis_ore":4,"minecraft:oak_planks":2,"minecraft:diorite":2,"minecraft:wall_torch":6,"minecraft:spruce_sign":1,"minecraft:spruce_stairs":5,"minecraft:repeater":1,"minecraft:wheat":4,"minecraft:white_carpet":1,"minecraft:yellow_bed":5,"minecraft:grass":18,"minecraft:coal_ore":149,"minecraft:gravel":40,"minecraft:flower_pot":1,"minecraft:dirt":8,"minecraft:cobweb":27,"minecraft:dispenser":1,"minecraft:gold_ore":2,"minecraft:oak_leaves":5,"minecraft:fern":2},"minecraft:picked_up":{"minecraft:charcoal":4,"minecraft:crafting_table":6,"minecraft:wheat":61,"minecraft:flower_pot":2,"minecraft:chicken":1,"minecraft:clay_ball":46,"minecraft:white_carpet":2,"minecraft:jungle_trapdoor":7,"minecraft:string":29,"minecraft:raw_copper":2,"minecraft:wooden_sword":3,"minecraft:compass":1,"minecraft:sticky_piston":3,"minecraft:item_frame":1,"minecraft:blue_orchid":1,"minecraft:beetroot":1,"minecraft:spruce_planks":1,"minecraft:beef":5,"minecraft:rose_bush":1,"minecraft:jungle_sapling":1,"minecraft:azalea":2,"minecraft:poppy":3,"minecraft:melon_slice":65,"minecraft:chest":1,"minecraft:spruce_trapdoor":12,"farmersdelight:cabbage_seeds":4,"minecraft:egg":1,"minecraft:stick":18,"minecraft:raw_iron":160,"minecraft:oak_door":1,"minecraft:torch":22,"minecraft:spruce_stairs":5,"minecraft:porkchop":2,"minecraft:diorite":2,"minecraft:carrot":11,"minecraft:redstone":11,"minecraft:jungle_sign":2,"minecraft:brown_carpet":12,"minecraft:cactus":1,"minecraft:stone_sword":1,"minecraft:arrow":13,"minecraft:rotten_flesh":11,"minecraft:beetroot_seeds":2,"minecraft:jungle_stairs":1,"minecraft:saddle":1,"minecraft:glow_berries":2,"minecraft:mutton":2,"minecraft:iron_bars":12,"minecraft:cobblestone":635,"minecraft:feather":2,"minecraft:cooked_beef":4,"minecraft:repeater":2,"minecraft:andesite":1,"minecraft:jungle_log":71,"minecraft:leather":2,"minecraft:red_mushroom":15,"minecraft:potato":1,"minecraft:flint":2,"minecraft:oak_log":8,"minecraft:cobblestone_stairs":31,"farmersdelight:tomato":2,"minecraft:yellow_bed":5,"minecraft:lapis_lazuli":46,"minecraft:map":1,"minecraft:paper":1,"minecraft:dirt":39,"minecraft:lantern":2,"minecraft:bone":17,"minecraft:wheat_seeds":131,"minecraft:iron_ingot":1,"minecraft:tall_grass":2,"minecraft:rabbit":4,"minecraft:bamboo":11,"minecraft:moss_block":1,"minecraft:iron_sword":1,"minecraft:book":10,"minecraft:scaffolding":21,"minecraft:gravel":63,"minecraft:grass_block":1,"minecraft:mossy_cobblestone":1,"minecraft:dispenser":1,"minecraft:stone_axe":1,"minecraft:writable_book":10,"minecraft:granite":21,"minecraft:grass":2,"minecraft:spruce_sign":9,"minecraft:oak_sapling":6,"minecraft:coal":174},"minecraft:broken":{"minecraft:stone_pickaxe":3,"minecraft:iron_pickaxe":2,"minecraft:wooden_axe":1},"minecraft:killed_by":{"minecraft:creeper":1,"minecraft:zombie":1}},"DataVersion":3465}