{"stats":{"minecraft:crafted":{"minecraft:wooden_sword":1,"minecraft:oak_planks":32,"minecraft:wooden_shovel":1,"minecraft:crafting_table":5,"minecraft:jungle_boat":1,"minecraft:stone_axe":1,"minecraft:bread":18,"minecraft:jungle_planks":156,"minecraft:shield":2,"minecraft:stick":40,"minecraft:stone_pickaxe":1,"minecraft:iron_pickaxe":1,"minecraft:wooden_axe":1,"minecraft:stone_sword":1,"minecraft:torch":92},"minecraft:custom":{"minecraft:mob_kills":13,"minecraft:interact_with_crafting_table":9,"minecraft:bell_ring":5,"minecraft:eat_cake_slice":4,"minecraft:time_since_death":66443,"minecraft:sleep_in_bed":1,"minecraft:climb_one_cm":3362,"minecraft:time_since_rest":35194,"minecraft:sprint_one_cm":112415,"minecraft:damage_taken":806,"minecraft:walk_one_cm":317704,"minecraft:drop":34,"minecraft:damage_dealt":2104,"minecraft:swim_one_cm":5767,"minecraft:fly_one_cm":99103,"minecraft:open_chest":5,"minecraft:crouch_one_cm":26491,"minecraft:play_time":69895,"minecraft:deaths":1,"minecraft:sneak_time":6929,"minecraft:walk_under_water_one_cm":1854,"minecraft:boat_one_cm":82448,"minecraft:jump":1138,"minecraft:interact_with_blast_furnace":1,"minecraft:walk_on_water_one_cm":6506,"minecraft:total_world_time":69895,"minecraft:fall_one_cm":20604,"minecraft:inspect_dispenser":1},"minecraft:used":{"minecraft:moss_block":1,"minecraft:leather_leggings":1,"minecraft:rose_bush":1,"minecraft:stone_sword":10,"minecraft:stone_pickaxe":11,"minecraft:oak_planks":3,"minecraft:leather_chestplate":1,"minecraft:jungle_boat":1,"minecraft:wooden_shovel":29,"minecraft:leather_boots":1,"minecraft:salmon":1,"minecraft:torch":41,"minecraft:dirt":17,"minecraft:crafting_table":6,"minecraft:wooden_axe":67,"minecraft:chicken":1,"minecraft:melon_slice":37,"minecraft:iron_pickaxe":111,"minecraft:leather_helmet":1,"minecraft:repeater":1,"minecraft:stone_axe":11,"minecraft:wooden_sword":34,"minecraft:cobblestone":5,"minecraft:yellow_bed":2},"minecraft:killed":{"minecraft:pig":1,"minecraft:zombie_villager":1,"minecraft:skeleton":4,"minecraft:zombie":4,"minecraft:chicken":1,"minecraft:cow":1},"minecraft:dropped":{"minecraft:iron_ingot":1,"minecraft:bread":9,"minecraft:wheat_seeds":117,"minecraft:stone_sword":1,"minecraft:mossy_cobblestone":1,"minecraft:crafting_table":1,"minecraft:glow_berries":2,"minecraft:tall_grass":2,"minecraft:feather":2,"minecraft:rotten_flesh":3,"minecraft:book":1,"minecraft:granite":3,"minecraft:coal":26,"minecraft:dirt":19,"minecraft:grass":2,"minecraft:shield":1,"minecraft:dispenser":1,"minecraft:repeater":1,"minecraft:jungle_log":32,"minecraft:azalea":2,"minecraft:oak_sapling":6,"minecraft:wooden_sword":3,"minecraft:jungle_sapling":1,"minecraft:bamboo":11,"minecraft:stone_pickaxe":1,"minecraft:string":2,"minecraft:bone":6},"minecraft:mined":{"minecraft:spruce_planks":1,"minecraft:red_bed":1,"minecraft:mossy_cobblestone":4,"minecraft:torch":1,"minecraft:clay":7,"minecraft:crafting_table":3,"minecraft:granite":7,"minecraft:grass_block":30,"minecraft:melon":17,"minecraft:chest":1,"minecraft:redstone_wire":10,"minecraft:copper_ore":1,"minecraft:cobblestone":6,"minecraft:moss_block":1,"minecraft:oak_planks":2,"minecraft:wall_torch":2,"minecraft:repeater":1,"minecraft:iron_ore":22,"minecraft:sticky_piston":3,"treechop:chopped_log":3,"minecraft:yellow_bed":4,"minecraft:grass":17,"minecraft:cave_vines":1,"minecraft:coal_ore":54,"minecraft:vine":6,"minecraft:dirt":5,"minecraft:bamboo":1,"minecraft:dispenser":1,"minecraft:stone":17,"minecraft:gold_ore":2,"minecraft:oak_leaves":1,"minecraft:tripwire":1,"minecraft:fern":2},"minecraft:picked_up":{"minecraft:crafting_table":3,"minecraft:wheat":56,"minecraft:clay_ball":46,"minecraft:feather":2,"minecraft:repeater":2,"minecraft:chicken":1,"minecraft:jungle_log":71,"minecraft:leather":2,"minecraft:red_mushroom":15,"minecraft:oak_log":8,"minecraft:yellow_bed":4,"minecraft:dirt":36,"minecraft:string":2,"minecraft:raw_copper":2,"minecraft:wooden_sword":3,"minecraft:sticky_piston":3,"minecraft:bone":6,"minecraft:wheat_seeds":117,"minecraft:spruce_planks":1,"minecraft:beef":3,"minecraft:iron_ingot":1,"minecraft:rose_bush":1,"minecraft:moss_block":1,"minecraft:azalea":2,"minecraft:jungle_sapling":1,"minecraft:tall_grass":2,"minecraft:bamboo":11,"minecraft:melon_slice":65,"minecraft:chest":1,"farmersdelight:cabbage_seeds":4,"minecraft:egg":1,"minecraft:book":1,"minecraft:raw_iron":23,"minecraft:stick":6,"minecraft:torch":3,"minecraft:porkchop":2,"minecraft:redstone":11,"minecraft:mossy_cobblestone":1,"minecraft:stone_sword":1,"minecraft:dispenser":1,"minecraft:arrow":3,"minecraft:rotten_flesh":3,"minecraft:granite":3,"minecraft:grass":2,"minecraft:oak_sapling":6,"minecraft:glow_berries":2,"minecraft:coal":79,"minecraft:cobblestone":18},"minecraft:broken":{"minecraft:wooden_axe":1},"minecraft:killed_by":{"minecraft:zombie":1}},"DataVersion":3465}