{"stats":{"minecraft:crafted":{"minecraft:wooden_sword":1,"minecraft:oak_planks":20,"minecraft:wooden_shovel":1,"minecraft:crafting_table":1,"minecraft:stick":4,"minecraft:wooden_axe":1},"minecraft:custom":{"minecraft:time_since_rest":6469,"minecraft:sprint_one_cm":24124,"minecraft:damage_taken":496,"minecraft:walk_one_cm":58330,"minecraft:mob_kills":5,"minecraft:damage_dealt":1125,"minecraft:swim_one_cm":656,"minecraft:interact_with_crafting_table":2,"minecraft:fly_one_cm":18816,"minecraft:open_chest":2,"minecraft:crouch_one_cm":7425,"minecraft:play_time":9895,"minecraft:deaths":1,"minecraft:sneak_time":1298,"minecraft:bell_ring":5,"minecraft:walk_under_water_one_cm":364,"minecraft:jump":126,"minecraft:eat_cake_slice":4,"minecraft:interact_with_blast_furnace":1,"minecraft:time_since_death":6443,"minecraft:walk_on_water_one_cm":839,"minecraft:total_world_time":9895,"minecraft:fall_one_cm":3920},"minecraft:used":{"minecraft:chicken":1,"minecraft:wooden_shovel":20,"minecraft:salmon":1,"minecraft:wooden_sword":25,"minecraft:dirt":2,"minecraft:crafting_table":1},"minecraft:killed":{"minecraft:zombie":2,"minecraft:zombie_villager":1,"minecraft:chicken":1},"minecraft:mined":{"treechop:chopped_log":1,"minecraft:grass":4,"minecraft:grass_block":28,"minecraft:dirt":2},"minecraft:picked_up":{"minecraft:stick":1,"minecraft:wheat":34,"minecraft:feather":2,"minecraft:chicken":1,"minecraft:oak_log":5,"minecraft:dirt":28,"minecraft:rotten_flesh":3,"minecraft:wheat_seeds":69,"minecraft:oak_sapling":1},"minecraft:killed_by":{"minecraft:zombie":1}},"DataVersion":3465}