{"stats":{"minecraft:crafted":{"minecraft:wooden_sword":1,"minecraft:oak_planks":20,"minecraft:wooden_shovel":1,"minecraft:crafting_table":2,"minecraft:stick":8,"minecraft:iron_pickaxe":1,"minecraft:wooden_axe":1,"minecraft:torch":8},"minecraft:custom":{"minecraft:mob_kills":9,"minecraft:interact_with_crafting_table":5,"minecraft:bell_ring":5,"minecraft:eat_cake_slice":4,"minecraft:time_since_death":30443,"minecraft:climb_one_cm":1614,"minecraft:time_since_rest":30469,"minecraft:sprint_one_cm":75468,"minecraft:damage_taken":606,"minecraft:walk_one_cm":160969,"minecraft:drop":6,"minecraft:damage_dealt":1506,"minecraft:swim_one_cm":5767,"minecraft:fly_one_cm":63790,"minecraft:open_chest":3,"minecraft:crouch_one_cm":11825,"minecraft:play_time":33895,"minecraft:deaths":1,"minecraft:sneak_time":2520,"minecraft:walk_under_water_one_cm":543,"minecraft:jump":489,"minecraft:interact_with_blast_furnace":1,"minecraft:walk_on_water_one_cm":2440,"minecraft:total_world_time":33895,"minecraft:fall_one_cm":11606},"minecraft:used":{"minecraft:leather_leggings":1,"minecraft:rose_bush":1,"minecraft:oak_planks":3,"minecraft:leather_chestplate":1,"minecraft:wooden_shovel":20,"minecraft:leather_boots":1,"minecraft:salmon":1,"minecraft:torch":6,"minecraft:dirt":5,"minecraft:crafting_table":3,"minecraft:wooden_axe":55,"minecraft:chicken":1,"minecraft:melon_slice":20,"minecraft:iron_pickaxe":4,"minecraft:leather_helmet":1,"minecraft:wooden_sword":29},"minecraft:killed":{"minecraft:pig":1,"minecraft:zombie_villager":1,"minecraft:skeleton":1,"minecraft:zombie":3,"minecraft:chicken":1,"minecraft:cow":1},"minecraft:dropped":{"minecraft:iron_ingot":1,"minecraft:wheat_seeds":117,"minecraft:tall_grass":2,"minecraft:grass":2,"minecraft:oak_sapling":1},"minecraft:mined":{"minecraft:spruce_planks":1,"minecraft:red_bed":1,"minecraft:crafting_table":2,"minecraft:grass_block":28,"minecraft:melon":11,"minecraft:chest":1,"minecraft:copper_ore":1,"minecraft:oak_planks":2,"treechop:chopped_log":2,"minecraft:yellow_bed":2,"minecraft:grass":11,"minecraft:coal_ore":2,"minecraft:vine":4,"minecraft:dirt":2,"minecraft:stone":1,"minecraft:oak_leaves":1,"minecraft:fern":2},"minecraft:picked_up":{"minecraft:crafting_table":2,"minecraft:wheat":56,"minecraft:feather":2,"minecraft:chicken":1,"minecraft:jungle_log":68,"minecraft:leather":2,"minecraft:oak_log":6,"minecraft:yellow_bed":2,"minecraft:dirt":29,"minecraft:string":1,"minecraft:raw_copper":2,"minecraft:bone":2,"minecraft:wheat_seeds":117,"minecraft:spruce_planks":1,"minecraft:beef":3,"minecraft:iron_ingot":1,"minecraft:rose_bush":1,"minecraft:jungle_sapling":1,"minecraft:tall_grass":2,"minecraft:bamboo":2,"minecraft:melon_slice":46,"minecraft:chest":1,"farmersdelight:cabbage_seeds":4,"minecraft:book":1,"minecraft:stick":6,"minecraft:porkchop":2,"minecraft:arrow":1,"minecraft:rotten_flesh":3,"minecraft:grass":2,"minecraft:oak_sapling":6,"minecraft:coal":2,"minecraft:cobblestone":1},"minecraft:killed_by":{"minecraft:zombie":1}},"DataVersion":3465}