{"stats":{"minecraft:crafted":{"minecraft:wooden_sword":1,"minecraft:cooked_chicken":1,"minecraft:furnace":1,"minecraft:iron_boots":1,"minecraft:ladder":6,"minecraft:stone_pickaxe":1,"minecraft:chest":2,"minecraft:crafting_table":1,"minecraft:wooden_pickaxe":1,"minecraft:iron_helmet":1,"minecraft:stone_axe":1,"minecraft:stick":28,"minecraft:iron_ingot":9,"minecraft:wooden_axe":1,"minecraft:stone_sword":1,"minecraft:acacia_planks":72,"minecraft:torch":12},"minecraft:custom":{"minecraft:mob_kills":4,"minecraft:interact_with_crafting_table":18,"minecraft:open_barrel":1,"minecraft:eat_cake_slice":4,"minecraft:leave_game":2,"minecraft:time_since_death":70222,"minecraft:climb_one_cm":9676,"minecraft:sprint_one_cm":194158,"minecraft:walk_one_cm":404806,"minecraft:drop":37,"minecraft:talked_to_villager":5,"minecraft:play_time":126134,"minecraft:deaths":1,"minecraft:sneak_time":1936,"minecraft:walk_under_water_one_cm":15774,"minecraft:jump":1797,"minecraft:interact_with_brewingstand":1,"minecraft:walk_on_water_one_cm":11857,"minecraft:total_world_time":126134,"minecraft:interact_with_furnace":7,"minecraft:interact_with_cartography_table":1,"minecraft:pot_flower":1,"minecraft:interact_with_stonecutter":1,"minecraft:sleep_in_bed":6,"minecraft:time_since_rest":13946,"minecraft:damage_taken":1272,"minecraft:damage_dealt":684,"minecraft:swim_one_cm":10203,"minecraft:fly_one_cm":162135,"minecraft:open_chest":21,"minecraft:crouch_one_cm":4059,"minecraft:fall_one_cm":45118},"minecraft:used":{"minecraft:azalea":1,"minecraft:writable_book":1,"minecraft:stone_sword":99,"minecraft:ladder":8,"minecraft:oak_sign":3,"minecraft:chest":5,"minecraft:orange_bed":7,"minecraft:torch":5,"minecraft:dirt":72,"minecraft:spruce_stairs":1,"minecraft:granite":7,"minecraft:wooden_axe":68,"minecraft:jungle_log":10,"minecraft:furnace":2,"minecraft:acacia_planks":3,"minecraft:dark_oak_sign":1,"minecraft:stone_pickaxe":174,"minecraft:wooden_pickaxe":29,"minecraft:crafting_table":4,"minecraft:white_bed":2,"minecraft:apple":1,"minecraft:melon_slice":8,"minecraft:bread":17,"minecraft:stone_axe":5,"minecraft:wooden_sword":4,"minecraft:cobblestone":5,"minecraft:andesite":11,"minecraft:coarse_dirt":6},"minecraft:killed":{"minecraft:chicken":1,"minecraft:pig":2,"minecraft:cow":1},"minecraft:dropped":{"minecraft:oak_slab":2,"minecraft:moss_block":7,"minecraft:oak_log":2,"minecraft:book":1,"minecraft:leather":2,"minecraft:dark_oak_button":2,"minecraft:brown_banner":1,"minecraft:stick":8,"minecraft:dirt":1,"minecraft:writable_book":1,"minecraft:wooden_sword":1,"minecraft:flowering_azalea":3,"minecraft:orange_bed":1,"minecraft:dandelion":1,"minecraft:gravel":3,"minecraft:moss_carpet":4,"minecraft:compass":2,"minecraft:stone_sword":1,"minecraft:rotten_flesh":1,"minecraft:clay_ball":40,"minecraft:lily_of_the_valley":2,"minecraft:poppy":3,"minecraft:big_dripleaf":2,"minecraft:beetroot_seeds":2,"minecraft:jungle_log":3,"minecraft:acacia_sapling":11,"minecraft:azalea":2,"minecraft:brown_carpet":4,"minecraft:stone_pickaxe":3},"minecraft:mined":{"minecraft:white_bed":4,"minecraft:cobblestone_stairs":1,"minecraft:jungle_leaves":5,"minecraft:ladder":3,"minecraft:spruce_trapdoor":2,"minecraft:cave_vines_plant":3,"minecraft:granite":4,"minecraft:acacia_log":2,"minecraft:grass_block":17,"minecraft:oak_pressure_plate":2,"minecraft:moss_block":12,"minecraft:oak_wall_sign":3,"minecraft:hay_block":2,"minecraft:tall_seagrass":2,"minecraft:furnace":1,"minecraft:iron_ore":32,"minecraft:andesite":5,"treechop:chopped_log":2,"minecraft:bookshelf":1,"minecraft:potted_dandelion":1,"minecraft:cave_vines":10,"minecraft:vine":2,"minecraft:bamboo":25,"minecraft:azalea":2,"minecraft:stone":75,"minecraft:orange_bed":7,"minecraft:podzol":1,"minecraft:scaffolding":4,"minecraft:flowering_azalea":3,"minecraft:lily_of_the_valley":2,"minecraft:brown_carpet":2,"minecraft:crafting_table":3,"minecraft:clay":10,"minecraft:cornflower":1,"minecraft:melon":14,"minecraft:chest":3,"minecraft:cobblestone":2,"minecraft:oak_planks":1,"minecraft:diorite":10,"minecraft:wall_torch":1,"minecraft:spruce_stairs":1,"minecraft:seagrass":1,"minecraft:coarse_dirt":6,"minecraft:beehive":1,"minecraft:wheat":3,"minecraft:brown_wall_banner":1,"minecraft:smooth_stone_slab":2,"minecraft:grass":16,"minecraft:coal_ore":12,"minecraft:beetroots":1,"minecraft:cocoa":1,"minecraft:gravel":3,"minecraft:dirt":47,"minecraft:acacia_planks":3,"minecraft:small_dripleaf":1,"minecraft:oak_leaves":15,"minecraft:fern":2},"minecraft:picked_up":{"minecraft:cocoa_beans":3,"minecraft:crafting_table":3,"minecraft:coarse_dirt":6,"minecraft:wheat":32,"minecraft:flower_pot":1,"minecraft:ladder":3,"minecraft:chicken":1,"minecraft:clay_ball":48,"minecraft:moss_carpet":4,"minecraft:smooth_stone_slab":2,"minecraft:compass":1,"minecraft:oak_sign":3,"minecraft:beetroot":1,"minecraft:beef":3,"minecraft:azalea":3,"minecraft:poppy":3,"minecraft:melon_slice":55,"minecraft:chest":3,"minecraft:spruce_trapdoor":2,"minecraft:egg":3,"minecraft:furnace":1,"minecraft:beehive":1,"minecraft:stick":17,"minecraft:raw_iron":31,"minecraft:big_dripleaf":2,"minecraft:torch":2,"minecraft:acacia_log":18,"minecraft:spruce_stairs":1,"minecraft:porkchop":5,"minecraft:cookie":2,"minecraft:diorite":7,"minecraft:brown_carpet":4,"minecraft:orange_bed":8,"minecraft:stone_sword":1,"minecraft:rotten_flesh":1,"minecraft:beetroot_seeds":2,"minecraft:hay_block":2,"minecraft:glow_berries":4,"minecraft:cobblestone":74,"minecraft:dark_oak_button":4,"minecraft:jungle_log":35,"minecraft:andesite":11,"minecraft:leather":2,"minecraft:oak_log":2,"minecraft:cobblestone_stairs":1,"minecraft:dirt":91,"minecraft:lapis_lazuli":2,"minecraft:bone":3,"minecraft:acacia_planks":49,"minecraft:bow":1,"minecraft:wheat_seeds":65,"minecraft:raw_gold":2,"minecraft:stone_pickaxe":3,"minecraft:dark_oak_sign":2,"minecraft:bamboo":66,"minecraft:moss_block":7,"minecraft:oak_planks":1,"minecraft:flowering_azalea":3,"minecraft:acacia_sapling":11,"minecraft:book":4,"minecraft:scaffolding":4,"minecraft:oak_slab":2,"minecraft:dandelion":2,"minecraft:oak_pressure_plate":2,"minecraft:gravel":3,"minecraft:white_bed":4,"minecraft:lily_of_the_valley":2,"minecraft:writable_book":1,"minecraft:granite":7,"minecraft:bread":28,"minecraft:brown_banner":1,"minecraft:coal":23,"minecraft:ender_pearl":1},"minecraft:broken":{"minecraft:wooden_axe":1}},"DataVersion":3465}