{"stats":{"minecraft:crafted":{"minecraft:wooden_sword":1,"minecraft:cooked_chicken":1,"minecraft:furnace":1,"minecraft:iron_boots":1,"minecraft:stone_pickaxe":1,"minecraft:crafting_table":1,"minecraft:wooden_pickaxe":1,"minecraft:iron_helmet":1,"minecraft:stick":8,"minecraft:iron_ingot":9,"minecraft:wooden_axe":1,"minecraft:stone_sword":1,"minecraft:acacia_planks":72,"minecraft:torch":12},"minecraft:custom":{"minecraft:mob_kills":4,"minecraft:interact_with_crafting_table":10,"minecraft:open_barrel":1,"minecraft:eat_cake_slice":4,"minecraft:leave_game":1,"minecraft:time_since_death":37823,"minecraft:climb_one_cm":5186,"minecraft:sprint_one_cm":177185,"minecraft:walk_one_cm":303030,"minecraft:drop":32,"minecraft:talked_to_villager":3,"minecraft:play_time":93735,"minecraft:deaths":1,"minecraft:sneak_time":1427,"minecraft:walk_under_water_one_cm":15774,"minecraft:jump":1641,"minecraft:interact_with_brewingstand":1,"minecraft:walk_on_water_one_cm":11857,"minecraft:total_world_time":93735,"minecraft:interact_with_furnace":5,"minecraft:interact_with_cartography_table":1,"minecraft:interact_with_stonecutter":1,"minecraft:sleep_in_bed":5,"minecraft:time_since_rest":11733,"minecraft:damage_taken":1076,"minecraft:damage_dealt":684,"minecraft:swim_one_cm":10203,"minecraft:fly_one_cm":151701,"minecraft:open_chest":6,"minecraft:crouch_one_cm":3669,"minecraft:fall_one_cm":40019},"minecraft:used":{"minecraft:azalea":1,"minecraft:stone_sword":97,"minecraft:orange_bed":4,"minecraft:torch":5,"minecraft:dirt":70,"minecraft:spruce_stairs":1,"minecraft:granite":7,"minecraft:wooden_axe":68,"minecraft:jungle_log":10,"minecraft:furnace":1,"minecraft:stone_pickaxe":157,"minecraft:wooden_pickaxe":29,"minecraft:crafting_table":3,"minecraft:melon_slice":7,"minecraft:bread":15,"minecraft:wooden_sword":4,"minecraft:cobblestone":5,"minecraft:andesite":11,"minecraft:coarse_dirt":6},"minecraft:killed":{"minecraft:chicken":1,"minecraft:pig":2,"minecraft:cow":1},"minecraft:dropped":{"minecraft:oak_slab":2,"minecraft:moss_block":7,"minecraft:oak_log":2,"minecraft:book":1,"minecraft:brown_banner":1,"minecraft:stick":8,"minecraft:dirt":1,"minecraft:wooden_sword":1,"minecraft:flowering_azalea":3,"minecraft:orange_bed":1,"minecraft:dandelion":1,"minecraft:gravel":3,"minecraft:moss_carpet":4,"minecraft:compass":2,"minecraft:stone_sword":1,"minecraft:rotten_flesh":1,"minecraft:clay_ball":40,"minecraft:lily_of_the_valley":2,"minecraft:big_dripleaf":2,"minecraft:beetroot_seeds":2,"minecraft:jungle_log":3,"minecraft:acacia_sapling":11,"minecraft:azalea":2,"minecraft:brown_carpet":4,"minecraft:stone_pickaxe":3},"minecraft:mined":{"minecraft:jungle_leaves":5,"minecraft:cave_vines_plant":3,"minecraft:granite":4,"minecraft:acacia_log":2,"minecraft:grass_block":16,"minecraft:moss_block":12,"minecraft:hay_block":2,"minecraft:tall_seagrass":2,"minecraft:furnace":1,"minecraft:iron_ore":32,"minecraft:andesite":5,"treechop:chopped_log":2,"minecraft:cave_vines":10,"minecraft:vine":2,"minecraft:bamboo":25,"minecraft:azalea":2,"minecraft:stone":75,"minecraft:orange_bed":5,"minecraft:podzol":1,"minecraft:scaffolding":4,"minecraft:flowering_azalea":3,"minecraft:lily_of_the_valley":2,"minecraft:brown_carpet":2,"minecraft:crafting_table":3,"minecraft:clay":10,"minecraft:cornflower":1,"minecraft:melon":14,"minecraft:cobblestone":2,"minecraft:diorite":10,"minecraft:wall_torch":1,"minecraft:spruce_stairs":1,"minecraft:seagrass":1,"minecraft:coarse_dirt":6,"minecraft:wheat":2,"minecraft:brown_wall_banner":1,"minecraft:grass":16,"minecraft:coal_ore":12,"minecraft:beetroots":1,"minecraft:cocoa":1,"minecraft:gravel":3,"minecraft:dirt":43,"minecraft:small_dripleaf":1,"minecraft:oak_leaves":15,"minecraft:fern":2},"minecraft:picked_up":{"minecraft:cocoa_beans":3,"minecraft:crafting_table":3,"minecraft:coarse_dirt":6,"minecraft:wheat":29,"minecraft:chicken":1,"minecraft:clay_ball":48,"minecraft:moss_carpet":4,"minecraft:compass":1,"minecraft:beetroot":1,"minecraft:beef":3,"minecraft:azalea":3,"minecraft:poppy":2,"minecraft:melon_slice":55,"minecraft:egg":3,"minecraft:furnace":1,"minecraft:stick":11,"minecraft:raw_iron":31,"minecraft:big_dripleaf":2,"minecraft:torch":2,"minecraft:acacia_log":18,"minecraft:spruce_stairs":1,"minecraft:porkchop":5,"minecraft:cookie":2,"minecraft:diorite":7,"minecraft:brown_carpet":4,"minecraft:orange_bed":6,"minecraft:stone_sword":1,"minecraft:rotten_flesh":1,"minecraft:beetroot_seeds":2,"minecraft:hay_block":2,"minecraft:glow_berries":4,"minecraft:cobblestone":74,"minecraft:jungle_log":35,"minecraft:andesite":11,"minecraft:leather":2,"minecraft:oak_log":2,"minecraft:dirt":86,"minecraft:lapis_lazuli":2,"minecraft:bone":3,"minecraft:bow":1,"minecraft:wheat_seeds":60,"minecraft:raw_gold":2,"minecraft:stone_pickaxe":3,"minecraft:bamboo":66,"minecraft:moss_block":7,"minecraft:flowering_azalea":3,"minecraft:acacia_sapling":11,"minecraft:book":1,"minecraft:scaffolding":4,"minecraft:oak_slab":2,"minecraft:dandelion":1,"minecraft:gravel":3,"minecraft:lily_of_the_valley":2,"minecraft:granite":7,"minecraft:bread":28,"minecraft:brown_banner":1,"minecraft:coal":23,"minecraft:ender_pearl":1},"minecraft:broken":{"minecraft:wooden_axe":1}},"DataVersion":3465}