{"stats":{"minecraft:crafted":{"minecraft:wooden_sword":1,"minecraft:crafting_table":1,"minecraft:wooden_pickaxe":1,"minecraft:furnace":1,"minecraft:stick":8,"minecraft:stone_pickaxe":1,"minecraft:wooden_axe":1,"minecraft:stone_sword":1,"minecraft:acacia_planks":72,"minecraft:torch":12},"minecraft:custom":{"minecraft:mob_kills":4,"minecraft:interact_with_crafting_table":5,"minecraft:interact_with_cartography_table":1,"minecraft:time_since_death":33736,"minecraft:sleep_in_bed":1,"minecraft:climb_one_cm":820,"minecraft:time_since_rest":925,"minecraft:sprint_one_cm":67859,"minecraft:damage_taken":275,"minecraft:walk_one_cm":112329,"minecraft:drop":2,"minecraft:damage_dealt":507,"minecraft:swim_one_cm":6404,"minecraft:fly_one_cm":67822,"minecraft:open_chest":3,"minecraft:crouch_one_cm":1418,"minecraft:play_time":33736,"minecraft:sneak_time":564,"minecraft:walk_under_water_one_cm":6020,"minecraft:jump":600,"minecraft:walk_on_water_one_cm":4118,"minecraft:total_world_time":33736,"minecraft:fall_one_cm":10995},"minecraft:used":{"minecraft:stone_sword":55,"minecraft:wooden_pickaxe":29,"minecraft:orange_bed":1,"minecraft:torch":2,"minecraft:dirt":8,"minecraft:crafting_table":1,"minecraft:wooden_axe":13,"minecraft:melon_slice":7,"minecraft:bread":2,"minecraft:wooden_sword":4,"minecraft:coarse_dirt":6},"minecraft:dropped":{"minecraft:dirt":1,"minecraft:dandelion":1},"minecraft:killed":{"minecraft:pig":2,"minecraft:chicken":1,"minecraft:cow":1},"minecraft:mined":{"minecraft:scaffolding":4,"minecraft:lily_of_the_valley":2,"minecraft:brown_carpet":2,"minecraft:jungle_leaves":5,"minecraft:crafting_table":1,"minecraft:acacia_log":2,"minecraft:grass_block":2,"minecraft:melon":5,"minecraft:seagrass":1,"minecraft:hay_block":2,"minecraft:tall_seagrass":2,"minecraft:coarse_dirt":6,"minecraft:wheat":2,"minecraft:brown_wall_banner":1,"treechop:chopped_log":2,"minecraft:grass":1,"minecraft:coal_ore":12,"minecraft:cocoa":1,"minecraft:vine":2,"minecraft:dirt":7,"minecraft:bamboo":2,"minecraft:stone":17,"minecraft:orange_bed":2},"minecraft:picked_up":{"minecraft:cocoa_beans":3,"minecraft:coarse_dirt":6,"minecraft:crafting_table":1,"minecraft:wheat":2,"minecraft:chicken":1,"minecraft:jungle_log":3,"minecraft:leather":2,"minecraft:oak_log":2,"minecraft:dirt":30,"minecraft:wheat_seeds":9,"minecraft:beef":3,"minecraft:poppy":1,"minecraft:bamboo":23,"minecraft:melon_slice":10,"minecraft:acacia_sapling":11,"minecraft:egg":1,"minecraft:scaffolding":4,"minecraft:oak_slab":2,"minecraft:stick":11,"minecraft:acacia_log":18,"minecraft:dandelion":1,"minecraft:porkchop":5,"minecraft:lily_of_the_valley":2,"minecraft:brown_carpet":4,"minecraft:orange_bed":2,"minecraft:hay_block":2,"minecraft:bread":28,"minecraft:brown_banner":1,"minecraft:coal":13,"minecraft:cobblestone":17}},"DataVersion":3465}