{"stats":{"minecraft:crafted":{"minecraft:wooden_sword":1,"minecraft:crafting_table":1,"minecraft:cooked_chicken":1,"minecraft:wooden_pickaxe":1,"minecraft:iron_helmet":1,"minecraft:furnace":1,"minecraft:iron_boots":1,"minecraft:stick":8,"minecraft:iron_ingot":9,"minecraft:stone_pickaxe":1,"minecraft:wooden_axe":1,"minecraft:stone_sword":1,"minecraft:acacia_planks":72,"minecraft:torch":12},"minecraft:custom":{"minecraft:interact_with_furnace":5,"minecraft:mob_kills":4,"minecraft:interact_with_crafting_table":10,"minecraft:interact_with_cartography_table":1,"minecraft:time_since_death":13824,"minecraft:sleep_in_bed":2,"minecraft:climb_one_cm":3337,"minecraft:time_since_rest":13898,"minecraft:sprint_one_cm":102075,"minecraft:damage_taken":829,"minecraft:walk_one_cm":217422,"minecraft:drop":21,"minecraft:damage_dealt":671,"minecraft:swim_one_cm":10203,"minecraft:fly_one_cm":85916,"minecraft:open_chest":4,"minecraft:deaths":1,"minecraft:crouch_one_cm":3451,"minecraft:play_time":69736,"minecraft:sneak_time":1150,"minecraft:walk_under_water_one_cm":15774,"minecraft:jump":1198,"minecraft:walk_on_water_one_cm":11040,"minecraft:total_world_time":69736,"minecraft:fall_one_cm":24880},"minecraft:used":{"minecraft:azalea":1,"minecraft:stone_sword":87,"minecraft:stone_pickaxe":152,"minecraft:wooden_pickaxe":29,"minecraft:orange_bed":2,"minecraft:torch":5,"minecraft:dirt":69,"minecraft:crafting_table":3,"minecraft:granite":4,"minecraft:wooden_axe":58,"minecraft:melon_slice":7,"minecraft:bread":9,"minecraft:jungle_log":10,"minecraft:wooden_sword":4,"minecraft:cobblestone":5,"minecraft:furnace":1,"minecraft:andesite":11,"minecraft:coarse_dirt":6},"minecraft:killed":{"minecraft:pig":2,"minecraft:chicken":1,"minecraft:cow":1},"minecraft:dropped":{"minecraft:gravel":3,"minecraft:oak_slab":2,"minecraft:moss_block":4,"minecraft:oak_log":2,"minecraft:rotten_flesh":1,"minecraft:clay_ball":40,"minecraft:lily_of_the_valley":2,"minecraft:stick":8,"minecraft:big_dripleaf":2,"minecraft:dirt":1,"minecraft:jungle_log":3,"minecraft:azalea":2,"minecraft:acacia_sapling":11,"minecraft:wooden_sword":1,"minecraft:brown_carpet":4,"minecraft:flowering_azalea":3,"minecraft:stone_pickaxe":2,"minecraft:dandelion":1},"minecraft:mined":{"minecraft:podzol":1,"minecraft:scaffolding":4,"minecraft:flowering_azalea":3,"minecraft:lily_of_the_valley":2,"minecraft:brown_carpet":2,"minecraft:jungle_leaves":5,"minecraft:clay":10,"minecraft:crafting_table":3,"minecraft:cave_vines_plant":3,"minecraft:granite":4,"minecraft:acacia_log":2,"minecraft:grass_block":13,"minecraft:melon":14,"minecraft:cobblestone":2,"minecraft:moss_block":12,"minecraft:diorite":10,"minecraft:wall_torch":1,"minecraft:seagrass":1,"minecraft:hay_block":2,"minecraft:tall_seagrass":2,"minecraft:coarse_dirt":6,"minecraft:furnace":1,"minecraft:iron_ore":32,"minecraft:wheat":2,"minecraft:brown_wall_banner":1,"minecraft:andesite":5,"treechop:chopped_log":2,"minecraft:grass":15,"minecraft:cave_vines":10,"minecraft:coal_ore":12,"minecraft:cocoa":1,"minecraft:vine":2,"minecraft:gravel":3,"minecraft:dirt":32,"minecraft:bamboo":25,"minecraft:azalea":2,"minecraft:stone":75,"minecraft:small_dripleaf":1,"minecraft:oak_leaves":15,"minecraft:fern":2,"minecraft:orange_bed":3},"minecraft:picked_up":{"minecraft:cocoa_beans":3,"minecraft:coarse_dirt":6,"minecraft:crafting_table":3,"minecraft:wheat":2,"minecraft:andesite":11,"minecraft:clay_ball":48,"minecraft:chicken":1,"minecraft:jungle_log":35,"minecraft:leather":2,"minecraft:oak_log":2,"minecraft:dirt":72,"minecraft:moss_carpet":2,"minecraft:bone":3,"minecraft:wheat_seeds":12,"minecraft:raw_gold":2,"minecraft:beef":3,"minecraft:stone_pickaxe":3,"minecraft:azalea":3,"minecraft:poppy":2,"minecraft:bamboo":66,"minecraft:moss_block":7,"minecraft:melon_slice":55,"minecraft:book":1,"minecraft:flowering_azalea":3,"minecraft:acacia_sapling":11,"minecraft:furnace":1,"minecraft:egg":3,"minecraft:raw_iron":31,"minecraft:scaffolding":4,"minecraft:oak_slab":2,"minecraft:stick":11,"minecraft:big_dripleaf":2,"minecraft:torch":2,"minecraft:acacia_log":18,"minecraft:dandelion":1,"minecraft:gravel":3,"minecraft:porkchop":5,"minecraft:diorite":7,"minecraft:lily_of_the_valley":2,"minecraft:brown_carpet":4,"minecraft:orange_bed":3,"minecraft:rotten_flesh":1,"minecraft:hay_block":2,"minecraft:granite":7,"minecraft:bread":28,"minecraft:brown_banner":1,"minecraft:glow_berries":4,"minecraft:coal":23,"minecraft:cobblestone":74}},"DataVersion":3465}