{"stats":{"minecraft:crafted":{"minecraft:oak_planks":20,"minecraft:crafting_table":1,"minecraft:stick":8,"minecraft:wooden_pickaxe":1,"minecraft:stone_pickaxe":1},"minecraft:custom":{"minecraft:time_since_rest":2112,"minecraft:crouch_one_cm":234,"minecraft:play_time":2112,"minecraft:sprint_one_cm":2209,"minecraft:damage_taken":10,"minecraft:walk_one_cm":4827,"minecraft:sneak_time":30,"minecraft:jump":7,"minecraft:time_since_death":2112,"minecraft:total_world_time":2112,"minecraft:interact_with_crafting_table":3,"minecraft:fall_one_cm":873,"minecraft:fly_one_cm":247},"minecraft:used":{"minecraft:crafting_table":1,"minecraft:stone_pickaxe":28,"minecraft:wooden_pickaxe":3},"minecraft:mined":{"minecraft:oak_log":5,"minecraft:stone":31,"minecraft:oak_leaves":2},"minecraft:picked_up":{"minecraft:stick":2,"minecraft:oak_log":5,"minecraft:cobblestone":31}},"DataVersion":3465}