{"stats":{"minecraft:crafted":{"minecraft:oak_planks":20,"minecraft:crafting_table":1,"minecraft:wooden_pickaxe":1,"minecraft:baked_potato":3,"minecraft:cooked_chicken":3,"minecraft:furnace":1,"minecraft:stone_axe":1,"minecraft:air":0,"minecraft:charcoal":2,"minecraft:stick":8,"minecraft:stone_pickaxe":2,"minecraft:stone_sword":1,"minecraft:torch":8},"minecraft:custom":{"minecraft:interact_with_furnace":12,"minecraft:interact_with_crafting_table":5,"minecraft:bell_ring":1,"minecraft:time_since_death":26112,"minecraft:sleep_in_bed":1,"minecraft:climb_one_cm":1313,"minecraft:time_since_rest":15392,"minecraft:sprint_one_cm":63698,"minecraft:damage_taken":230,"minecraft:walk_one_cm":91325,"minecraft:drop":6,"minecraft:damage_dealt":56,"minecraft:swim_one_cm":28675,"minecraft:fly_one_cm":72720,"minecraft:open_chest":2,"minecraft:crouch_one_cm":1180,"minecraft:play_time":26112,"minecraft:sneak_time":491,"minecraft:walk_under_water_one_cm":4559,"minecraft:jump":479,"minecraft:walk_on_water_one_cm":10036,"minecraft:total_world_time":26112,"minecraft:fall_one_cm":16183},"minecraft:used":{"minecraft:stone_sword":1,"minecraft:stone_pickaxe":195,"minecraft:baked_potato":1,"minecraft:wooden_pickaxe":3,"minecraft:torch":5,"minecraft:crafting_table":2,"minecraft:red_bed":1,"minecraft:bread":5,"minecraft:stone_axe":44,"minecraft:cobblestone":14,"minecraft:furnace":3},"minecraft:dropped":{"minecraft:moss_carpet":1,"minecraft:mangrove_roots":4,"minecraft:flower_pot":1,"minecraft:oak_sapling":4,"minecraft:stone_pressure_plate":1,"minecraft:bamboo":1},"minecraft:mined":{"minecraft:acacia_leaves":1,"minecraft:red_bed":1,"minecraft:mangrove_roots":5,"minecraft:clay":11,"minecraft:crafting_table":2,"minecraft:granite":1,"minecraft:acacia_log":2,"minecraft:campfire":4,"minecraft:potted_bamboo":1,"minecraft:moss_block":6,"minecraft:wall_torch":1,"minecraft:furnace":4,"minecraft:iron_ore":1,"minecraft:andesite":13,"treechop:chopped_log":4,"minecraft:grass":1,"minecraft:oak_log":6,"minecraft:coal_ore":45,"minecraft:dirt":6,"minecraft:stone":90,"minecraft:oak_leaves":2,"minecraft:deepslate":21},"minecraft:picked_up":{"minecraft:charcoal":20,"minecraft:crafting_table":2,"minecraft:chicken":14,"minecraft:clay_ball":44,"minecraft:flower_pot":1,"minecraft:andesite":13,"minecraft:potato":13,"minecraft:oak_log":28,"minecraft:dirt":6,"minecraft:red_bed":2,"minecraft:moss_carpet":1,"minecraft:bone":2,"minecraft:wheat_seeds":1,"minecraft:cobbled_deepslate":21,"minecraft:cooked_chicken":4,"minecraft:bamboo":1,"minecraft:moss_block":6,"minecraft:acacia_sapling":6,"minecraft:furnace":4,"minecraft:stick":7,"minecraft:torch":1,"minecraft:acacia_log":9,"minecraft:stone_pressure_plate":1,"minecraft:arrow":2,"minecraft:granite":1,"minecraft:mangrove_roots":4,"minecraft:oak_sapling":9,"minecraft:coal":44,"minecraft:cobblestone":89},"minecraft:broken":{"minecraft:stone_pickaxe":1}},"DataVersion":3465}