{"stats":{"minecraft:crafted":{"minecraft:grindstone":1,"minecraft:chainmail_helmet":17,"minecraft:oak_planks":5272,"minecraft:oak_sign":3,"minecraft:cooked_chicken":4,"minecraft:furnace":2,"minecraft:stone":3,"minecraft:bookshelf":3,"minecraft:diamond_helmet":1,"minecraft:diamond_leggings":1,"minecraft:bow":1,"minecraft:iron_boots":1,"minecraft:iron_axe":9,"minecraft:stone_pickaxe":3,"minecraft:chest":4,"minecraft:chainmail_leggings":12,"minecraft:oak_slab":30,"minecraft:diamond_sword":1,"minecraft:emerald":367,"minecraft:crafting_table":3,"minecraft:iron_helmet":10,"minecraft:wooden_pickaxe":1,"minecraft:baked_potato":5,"minecraft:iron_sword":1,"minecraft:birch_planks":528,"minecraft:fletching_table":3,"minecraft:bucket":1,"minecraft:oak_wood":6,"minecraft:stone_axe":2,"minecraft:enchanted_book":7,"minecraft:bread":10,"minecraft:air":0,"minecraft:lectern":3,"minecraft:iron_chestplate":1,"minecraft:charcoal":2,"minecraft:shield":1,"minecraft:stick":11432,"minecraft:stone_slab":6,"minecraft:iron_ingot":76,"minecraft:iron_pickaxe":1,"minecraft:iron_block":3,"minecraft:stone_sword":1,"minecraft:iron_shovel":1,"minecraft:iron_leggings":1,"minecraft:anvil":1,"minecraft:acacia_planks":36,"minecraft:torch":112,"minecraft:diamond_chestplate":1},"minecraft:custom":{"minecraft:interact_with_anvil":7,"minecraft:mob_kills":43,"minecraft:interact_with_crafting_table":49,"minecraft:open_barrel":1,"minecraft:bell_ring":1,"minecraft:eat_cake_slice":2,"minecraft:time_since_death":125409,"minecraft:climb_one_cm":8136,"minecraft:sprint_one_cm":841306,"minecraft:walk_one_cm":1127452,"minecraft:damage_blocked_by_shield":580,"minecraft:drop":83,"minecraft:talked_to_villager":276,"minecraft:play_time":290112,"minecraft:deaths":5,"minecraft:sneak_time":6979,"minecraft:walk_under_water_one_cm":17592,"minecraft:jump":4523,"minecraft:walk_on_water_one_cm":36221,"minecraft:total_world_time":290112,"minecraft:interact_with_furnace":62,"minecraft:traded_with_villager":416,"minecraft:interact_with_grindstone":1,"minecraft:sleep_in_bed":10,"minecraft:time_since_rest":115618,"minecraft:damage_taken":3051,"minecraft:damage_dealt":8658,"minecraft:player_kills":1,"minecraft:swim_one_cm":46008,"minecraft:fly_one_cm":706205,"minecraft:open_chest":77,"minecraft:crouch_one_cm":21991,"minecraft:fall_one_cm":123318,"minecraft:horse_one_cm":91109},"minecraft:used":{"minecraft:moss_block":21,"minecraft:writable_book":3,"minecraft:stone_sword":6,"minecraft:iron_shovel":23,"minecraft:ladder":5,"minecraft:oak_sign":2,"minecraft:chest":4,"minecraft:shield":9,"minecraft:iron_sword":49,"minecraft:cooked_chicken":8,"minecraft:rotten_flesh":5,"minecraft:torch":73,"minecraft:dirt":3,"minecraft:anvil":1,"minecraft:carrot":5,"minecraft:lantern":1,"minecraft:iron_axe":1688,"minecraft:item_frame":1,"minecraft:bow":3,"minecraft:oak_sapling":2,"minecraft:furnace":10,"minecraft:potato":6,"minecraft:cobbled_deepslate":65,"minecraft:water_bucket":4,"minecraft:stone_pickaxe":279,"minecraft:baked_potato":5,"minecraft:oak_planks":18,"minecraft:wooden_pickaxe":3,"minecraft:fletching_table":4,"minecraft:glow_berries":1,"minecraft:oak_slab":46,"minecraft:crafting_table":8,"minecraft:red_bed":2,"minecraft:blast_furnace":2,"minecraft:white_bed":2,"minecraft:oak_log":1,"minecraft:flower_pot":1,"minecraft:apple":37,"minecraft:bread":17,"minecraft:iron_pickaxe":166,"minecraft:lectern":141,"minecraft:gravel":56,"minecraft:stone_axe":80,"minecraft:diamond_sword":145,"minecraft:cobblestone":92,"minecraft:grindstone":1,"minecraft:bucket":5,"minecraft:experience_bottle":1,"minecraft:chainmail_leggings":1},"minecraft:killed":{"minecraft:spider":3,"minecraft:skeleton":6,"takesapillage:clay_golem":1,"minecraft:pig":1,"minecraft:creeper":1,"minecraft:trader_llama":2,"minecraft:zombie":27},"minecraft:dropped":{"minecraft:bread":1,"minecraft:moss_block":9,"minecraft:wheat_seeds":112,"minecraft:lapis_lazuli":30,"minecraft:book":1,"minecraft:apple":3,"minecraft:granite":1,"minecraft:leather_helmet":2,"minecraft:emerald":9,"minecraft:dirt":8,"minecraft:writable_book":2,"minecraft:gravel":16,"minecraft:stone_axe":1,"minecraft:moss_carpet":1,"minecraft:mangrove_roots":4,"minecraft:cobbled_deepslate":35,"minecraft:tuff":4,"minecraft:wheat":1,"minecraft:rotten_flesh":7,"minecraft:iron_boots":1,"minecraft:poppy":1,"minecraft:leather_chestplate":3,"minecraft:flower_pot":1,"minecraft:andesite":13,"minecraft:oak_sapling":9,"minecraft:acacia_sapling":6,"minecraft:leather_leggings":1,"minecraft:stone_pressure_plate":1,"minecraft:bamboo":1,"minecraft:blue_orchid":1,"minecraft:bow":1},"minecraft:mined":{"minecraft:white_bed":2,"minecraft:tuff":1,"minecraft:deepslate_diamond_ore":10,"minecraft:potted_blue_orchid":1,"minecraft:mangrove_roots":5,"minecraft:brewing_stand":1,"minecraft:ladder":14,"minecraft:granite":1,"minecraft:cave_vines_plant":2,"minecraft:acacia_log":2,"minecraft:grass_block":3,"minecraft:potted_bamboo":1,"minecraft:moss_block":40,"minecraft:furnace":8,"minecraft:carrots":1,"minecraft:iron_ore":37,"minecraft:cobbled_deepslate":9,"minecraft:andesite":13,"treechop:chopped_log":241,"minecraft:fletching_table":1,"minecraft:deepslate_lapis_ore":4,"minecraft:bookshelf":8,"minecraft:cave_vines":2,"minecraft:deepslate_iron_ore":44,"minecraft:stone":103,"minecraft:oak_slab":33,"minecraft:acacia_leaves":1,"minecraft:red_bed":1,"minecraft:magenta_wall_banner":2,"minecraft:stone_brick_slab":1,"minecraft:crafting_table":5,"minecraft:clay":12,"minecraft:torch":3,"minecraft:blast_furnace":2,"minecraft:lectern":141,"minecraft:campfire":5,"minecraft:tall_grass":2,"minecraft:cobblestone":27,"minecraft:oak_planks":16,"minecraft:wall_torch":3,"minecraft:skeleton_skull":1,"minecraft:wheat":39,"minecraft:white_carpet":1,"minecraft:grass":30,"minecraft:coal_ore":64,"minecraft:oak_log":25,"minecraft:gravel":77,"minecraft:dirt":9,"minecraft:small_dripleaf":1,"minecraft:oak_leaves":38,"minecraft:deepslate":97},"minecraft:picked_up":{"minecraft:charcoal":26,"minecraft:crafting_table":5,"minecraft:wheat":38,"minecraft:ladder":14,"minecraft:chicken":14,"minecraft:flower_pot":2,"minecraft:clay_ball":48,"minecraft:leather_leggings":3,"minecraft:lead":2,"minecraft:brewing_stand":1,"minecraft:string":4,"minecraft:moss_carpet":1,"minecraft:red_bed":2,"minecraft:armor_stand":3,"minecraft:item_frame":2,"minecraft:experience_bottle":1,"minecraft:blue_orchid":1,"minecraft:cobbled_deepslate":100,"minecraft:poppy":1,"minecraft:lectern":141,"minecraft:birch_sapling":61,"minecraft:egg":1,"minecraft:furnace":8,"minecraft:stick":396,"minecraft:raw_iron":78,"minecraft:torch":6,"minecraft:acacia_log":9,"minecraft:stone_button":2,"minecraft:carrot":8,"minecraft:stone_pressure_plate":1,"minecraft:brown_carpet":1,"minecraft:arrow":9,"minecraft:rotten_flesh":20,"minecraft:diamond_boots":2,"minecraft:mangrove_roots":4,"minecraft:glow_berries":1,"minecraft:skeleton_skull":1,"minecraft:cobblestone":128,"minecraft:birch_log":159,"minecraft:leather_chestplate":3,"minecraft:magenta_banner":2,"minecraft:andesite":13,"minecraft:leather":2,"minecraft:potato":14,"minecraft:flint":6,"minecraft:tuff":4,"minecraft:oak_log":1326,"minecraft:gunpowder":2,"minecraft:lapis_lazuli":30,"minecraft:dirt":27,"minecraft:lantern":1,"minecraft:bone":10,"minecraft:apple":78,"minecraft:bow":1,"minecraft:wheat_seeds":115,"minecraft:iron_ingot":3,"minecraft:stone_pickaxe":1,"minecraft:cooked_chicken":4,"minecraft:fletching_table":2,"minecraft:bamboo":1,"minecraft:moss_block":30,"minecraft:acacia_sapling":6,"minecraft:oak_planks":16,"minecraft:book":22,"minecraft:oak_slab":31,"minecraft:gravel":85,"minecraft:blast_furnace":2,"minecraft:white_bed":2,"minecraft:leather_helmet":2,"minecraft:diamond":10,"minecraft:writable_book":3,"minecraft:chainmail_leggings":1,"minecraft:granite":1,"minecraft:emerald":2,"minecraft:oak_sapling":582,"minecraft:coal":86},"minecraft:broken":{"minecraft:stone_pickaxe":1,"minecraft:iron_axe":5},"minecraft:killed_by":{"minecraft:player":1,"minecraft:enderman":1,"minecraft:skeleton":1}},"DataVersion":3465}