{"stats":{"minecraft:crafted":{"minecraft:oak_planks":36,"minecraft:diamond_sword":1,"minecraft:crafting_table":2,"minecraft:wooden_pickaxe":1,"minecraft:baked_potato":5,"minecraft:cooked_chicken":4,"minecraft:iron_sword":1,"minecraft:furnace":1,"minecraft:oak_wood":3,"minecraft:stone_axe":1,"minecraft:air":0,"minecraft:iron_boots":1,"minecraft:iron_chestplate":1,"minecraft:charcoal":2,"minecraft:shield":1,"minecraft:stick":80,"minecraft:iron_ingot":23,"minecraft:iron_pickaxe":1,"minecraft:stone_pickaxe":2,"minecraft:stone_sword":1,"minecraft:iron_leggings":1,"minecraft:acacia_planks":36,"minecraft:torch":112},"minecraft:custom":{"minecraft:interact_with_furnace":31,"minecraft:mob_kills":24,"minecraft:interact_with_crafting_table":14,"minecraft:bell_ring":1,"minecraft:time_since_death":8012,"minecraft:sleep_in_bed":4,"minecraft:climb_one_cm":1428,"minecraft:time_since_rest":302,"minecraft:sprint_one_cm":180809,"minecraft:damage_taken":1755,"minecraft:walk_one_cm":283659,"minecraft:damage_blocked_by_shield":500,"minecraft:drop":14,"minecraft:damage_dealt":4482,"minecraft:swim_one_cm":29268,"minecraft:fly_one_cm":227400,"minecraft:deaths":3,"minecraft:open_chest":4,"minecraft:crouch_one_cm":14269,"minecraft:play_time":74112,"minecraft:sneak_time":4269,"minecraft:walk_under_water_one_cm":11807,"minecraft:jump":1482,"minecraft:walk_on_water_one_cm":27740,"minecraft:total_world_time":74112,"minecraft:fall_one_cm":54486},"minecraft:used":{"minecraft:moss_block":21,"minecraft:stone_sword":6,"minecraft:stone_pickaxe":237,"minecraft:oak_planks":3,"minecraft:baked_potato":5,"minecraft:shield":7,"minecraft:wooden_pickaxe":3,"minecraft:iron_sword":49,"minecraft:cooked_chicken":8,"minecraft:rotten_flesh":2,"minecraft:torch":60,"minecraft:glow_berries":1,"minecraft:crafting_table":5,"minecraft:red_bed":2,"minecraft:carrot":1,"minecraft:bread":5,"minecraft:iron_pickaxe":122,"minecraft:gravel":1,"minecraft:diamond_sword":39,"minecraft:stone_axe":47,"minecraft:cobblestone":75,"minecraft:furnace":6,"minecraft:potato":5,"minecraft:cobbled_deepslate":49},"minecraft:killed":{"minecraft:spider":1,"minecraft:skeleton":3,"minecraft:zombie":19},"minecraft:dropped":{"minecraft:moss_block":7,"minecraft:moss_carpet":1,"minecraft:wheat_seeds":1,"minecraft:mangrove_roots":4,"minecraft:cobbled_deepslate":26,"minecraft:granite":1,"minecraft:dirt":6,"minecraft:flower_pot":1,"minecraft:andesite":13,"minecraft:acacia_sapling":6,"minecraft:oak_sapling":9,"minecraft:stone_pressure_plate":1,"minecraft:bamboo":1},"minecraft:mined":{"minecraft:tuff":1,"minecraft:acacia_leaves":1,"minecraft:red_bed":1,"minecraft:deepslate_diamond_ore":10,"minecraft:mangrove_roots":5,"minecraft:cave_vines_plant":2,"minecraft:clay":12,"minecraft:crafting_table":4,"minecraft:granite":1,"minecraft:acacia_log":2,"minecraft:campfire":4,"minecraft:cobblestone":18,"minecraft:potted_bamboo":1,"minecraft:oak_planks":1,"minecraft:moss_block":40,"minecraft:wall_torch":1,"minecraft:furnace":6,"minecraft:iron_ore":1,"minecraft:cobbled_deepslate":6,"minecraft:andesite":13,"treechop:chopped_log":4,"minecraft:deepslate_lapis_ore":4,"minecraft:grass":1,"minecraft:oak_log":6,"minecraft:coal_ore":45,"minecraft:cave_vines":2,"minecraft:deepslate_iron_ore":44,"minecraft:gravel":3,"minecraft:dirt":6,"minecraft:stone":90,"minecraft:small_dripleaf":1,"minecraft:oak_leaves":2,"minecraft:deepslate":97},"minecraft:picked_up":{"minecraft:charcoal":24,"minecraft:crafting_table":4,"minecraft:chicken":14,"minecraft:clay_ball":48,"minecraft:flower_pot":1,"minecraft:andesite":13,"minecraft:potato":14,"minecraft:tuff":4,"minecraft:oak_log":28,"minecraft:lapis_lazuli":30,"minecraft:dirt":6,"minecraft:red_bed":2,"minecraft:moss_carpet":1,"minecraft:bone":7,"minecraft:bow":1,"minecraft:wheat_seeds":3,"minecraft:cobbled_deepslate":97,"minecraft:stone_pickaxe":1,"minecraft:iron_ingot":2,"minecraft:cooked_chicken":4,"minecraft:bamboo":1,"minecraft:moss_block":30,"minecraft:oak_planks":1,"minecraft:acacia_sapling":6,"minecraft:furnace":6,"minecraft:book":1,"minecraft:raw_iron":43,"minecraft:stick":7,"minecraft:torch":1,"minecraft:acacia_log":9,"minecraft:gravel":17,"minecraft:carrot":1,"minecraft:stone_pressure_plate":1,"minecraft:arrow":7,"minecraft:rotten_flesh":12,"minecraft:diamond":10,"minecraft:granite":1,"minecraft:mangrove_roots":4,"minecraft:oak_sapling":9,"minecraft:glow_berries":1,"minecraft:coal":61,"minecraft:cobblestone":107},"minecraft:killed_by":{"minecraft:skeleton":1},"minecraft:broken":{"minecraft:stone_pickaxe":1}},"DataVersion":3465}