{"stats":{"minecraft:crafted":{"minecraft:oak_planks":60,"minecraft:oak_sign":3,"minecraft:cooked_chicken":4,"minecraft:furnace":1,"minecraft:iron_boots":1,"minecraft:stone_pickaxe":2,"minecraft:chest":2,"minecraft:diamond_sword":1,"minecraft:crafting_table":3,"minecraft:wooden_pickaxe":1,"minecraft:baked_potato":5,"minecraft:iron_sword":1,"minecraft:oak_wood":6,"minecraft:stone_axe":1,"minecraft:bread":10,"minecraft:air":0,"minecraft:iron_chestplate":1,"minecraft:charcoal":2,"minecraft:shield":1,"minecraft:stick":80,"minecraft:iron_ingot":23,"minecraft:iron_pickaxe":1,"minecraft:stone_sword":1,"minecraft:iron_leggings":1,"minecraft:acacia_planks":36,"minecraft:torch":112,"minecraft:diamond_chestplate":1},"minecraft:custom":{"minecraft:mob_kills":24,"minecraft:interact_with_crafting_table":19,"minecraft:open_barrel":1,"minecraft:bell_ring":1,"minecraft:eat_cake_slice":2,"minecraft:time_since_death":2882,"minecraft:climb_one_cm":3235,"minecraft:sprint_one_cm":331882,"minecraft:walk_one_cm":406331,"minecraft:damage_blocked_by_shield":500,"minecraft:drop":65,"minecraft:talked_to_villager":1,"minecraft:play_time":110112,"minecraft:deaths":4,"minecraft:sneak_time":4602,"minecraft:walk_under_water_one_cm":11807,"minecraft:jump":2165,"minecraft:walk_on_water_one_cm":28166,"minecraft:total_world_time":110112,"minecraft:interact_with_furnace":31,"minecraft:sleep_in_bed":5,"minecraft:time_since_rest":2912,"minecraft:damage_taken":2325,"minecraft:damage_dealt":4759,"minecraft:player_kills":1,"minecraft:swim_one_cm":29268,"minecraft:fly_one_cm":350591,"minecraft:open_chest":17,"minecraft:crouch_one_cm":15244,"minecraft:fall_one_cm":70749,"minecraft:horse_one_cm":91109},"minecraft:used":{"minecraft:moss_block":21,"minecraft:writable_book":2,"minecraft:stone_sword":6,"minecraft:oak_sign":2,"minecraft:chest":2,"minecraft:shield":7,"minecraft:iron_sword":49,"minecraft:cooked_chicken":8,"minecraft:rotten_flesh":5,"minecraft:torch":60,"minecraft:carrot":3,"minecraft:furnace":6,"minecraft:potato":6,"minecraft:cobbled_deepslate":65,"minecraft:stone_pickaxe":240,"minecraft:baked_potato":5,"minecraft:oak_planks":3,"minecraft:wooden_pickaxe":3,"minecraft:glow_berries":1,"minecraft:crafting_table":8,"minecraft:red_bed":2,"minecraft:white_bed":1,"minecraft:flower_pot":1,"minecraft:bread":14,"minecraft:iron_pickaxe":125,"minecraft:gravel":1,"minecraft:stone_axe":49,"minecraft:diamond_sword":80,"minecraft:cobblestone":85,"minecraft:experience_bottle":1},"minecraft:killed":{"minecraft:spider":1,"minecraft:skeleton":3,"minecraft:zombie":19},"minecraft:dropped":{"minecraft:bread":1,"minecraft:moss_block":9,"minecraft:wheat_seeds":112,"minecraft:lapis_lazuli":30,"minecraft:book":1,"minecraft:granite":1,"minecraft:emerald":2,"minecraft:dirt":8,"minecraft:writable_book":2,"minecraft:gravel":16,"minecraft:stone_axe":1,"minecraft:moss_carpet":1,"minecraft:mangrove_roots":4,"minecraft:cobbled_deepslate":35,"minecraft:tuff":4,"minecraft:wheat":1,"minecraft:rotten_flesh":7,"minecraft:poppy":1,"minecraft:flower_pot":1,"minecraft:andesite":13,"minecraft:oak_sapling":9,"minecraft:acacia_sapling":6,"minecraft:stone_pressure_plate":1,"minecraft:bamboo":1,"minecraft:bow":1},"minecraft:mined":{"minecraft:white_bed":1,"minecraft:tuff":1,"minecraft:deepslate_diamond_ore":10,"minecraft:potted_blue_orchid":1,"minecraft:mangrove_roots":5,"minecraft:granite":1,"minecraft:cave_vines_plant":2,"minecraft:acacia_log":2,"minecraft:grass_block":2,"minecraft:potted_bamboo":1,"minecraft:moss_block":40,"minecraft:furnace":6,"minecraft:carrots":1,"minecraft:iron_ore":1,"minecraft:cobbled_deepslate":9,"minecraft:andesite":13,"treechop:chopped_log":4,"minecraft:deepslate_lapis_ore":4,"minecraft:cave_vines":2,"minecraft:deepslate_iron_ore":44,"minecraft:stone":90,"minecraft:acacia_leaves":1,"minecraft:red_bed":1,"minecraft:crafting_table":5,"minecraft:clay":12,"minecraft:campfire":5,"minecraft:cobblestone":21,"minecraft:oak_planks":1,"minecraft:wall_torch":1,"minecraft:skeleton_skull":1,"minecraft:wheat":39,"minecraft:grass":7,"minecraft:coal_ore":45,"minecraft:oak_log":6,"minecraft:gravel":3,"minecraft:dirt":6,"minecraft:small_dripleaf":1,"minecraft:oak_leaves":2,"minecraft:deepslate":97},"minecraft:picked_up":{"minecraft:charcoal":26,"minecraft:crafting_table":5,"minecraft:wheat":38,"minecraft:chicken":14,"minecraft:flower_pot":2,"minecraft:clay_ball":48,"minecraft:moss_carpet":1,"minecraft:red_bed":2,"minecraft:experience_bottle":1,"minecraft:blue_orchid":1,"minecraft:cobbled_deepslate":100,"minecraft:poppy":1,"minecraft:furnace":6,"minecraft:stick":7,"minecraft:raw_iron":43,"minecraft:torch":1,"minecraft:acacia_log":9,"minecraft:stone_button":2,"minecraft:carrot":8,"minecraft:stone_pressure_plate":1,"minecraft:brown_carpet":1,"minecraft:arrow":7,"minecraft:rotten_flesh":12,"minecraft:mangrove_roots":4,"minecraft:glow_berries":1,"minecraft:skeleton_skull":1,"minecraft:cobblestone":110,"minecraft:andesite":13,"minecraft:potato":14,"minecraft:tuff":4,"minecraft:oak_log":28,"minecraft:lapis_lazuli":30,"minecraft:dirt":8,"minecraft:bone":8,"minecraft:bow":1,"minecraft:wheat_seeds":113,"minecraft:iron_ingot":2,"minecraft:stone_pickaxe":1,"minecraft:cooked_chicken":4,"minecraft:bamboo":1,"minecraft:moss_block":30,"minecraft:acacia_sapling":6,"minecraft:oak_planks":1,"minecraft:book":1,"minecraft:gravel":17,"minecraft:white_bed":1,"minecraft:diamond":10,"minecraft:writable_book":2,"minecraft:granite":1,"minecraft:oak_sapling":9,"minecraft:coal":61},"minecraft:broken":{"minecraft:stone_pickaxe":1},"minecraft:killed_by":{"minecraft:player":1,"minecraft:skeleton":1}},"DataVersion":3465}