{"stats":{"minecraft:crafted":{"minecraft:oak_planks":20,"minecraft:charcoal":2,"minecraft:crafting_table":1,"minecraft:stick":8,"minecraft:cooked_chicken":3,"minecraft:wooden_pickaxe":1,"minecraft:stone_pickaxe":1,"minecraft:stone_sword":1,"minecraft:furnace":1,"minecraft:torch":8,"minecraft:stone_axe":1,"minecraft:air":0},"minecraft:custom":{"minecraft:time_since_rest":3392,"minecraft:interact_with_furnace":8,"minecraft:sprint_one_cm":28067,"minecraft:damage_taken":170,"minecraft:walk_one_cm":55736,"minecraft:drop":6,"minecraft:damage_dealt":56,"minecraft:swim_one_cm":14969,"minecraft:interact_with_crafting_table":4,"minecraft:fly_one_cm":35532,"minecraft:open_chest":2,"minecraft:crouch_one_cm":455,"minecraft:play_time":14112,"minecraft:bell_ring":1,"minecraft:sneak_time":87,"minecraft:walk_under_water_one_cm":3764,"minecraft:jump":228,"minecraft:walk_on_water_one_cm":8888,"minecraft:time_since_death":14112,"minecraft:sleep_in_bed":1,"minecraft:climb_one_cm":207,"minecraft:total_world_time":14112,"minecraft:fall_one_cm":5746},"minecraft:used":{"minecraft:stone_sword":1,"minecraft:bread":5,"minecraft:stone_pickaxe":49,"minecraft:wooden_pickaxe":3,"minecraft:stone_axe":34,"minecraft:torch":1,"minecraft:cobblestone":5,"minecraft:crafting_table":1,"minecraft:red_bed":1,"minecraft:furnace":1},"minecraft:dropped":{"minecraft:moss_carpet":1,"minecraft:flower_pot":1,"minecraft:mangrove_roots":4,"minecraft:oak_sapling":4,"minecraft:bamboo":1,"minecraft:stone_pressure_plate":1},"minecraft:mined":{"minecraft:acacia_leaves":1,"minecraft:furnace":2,"minecraft:red_bed":1,"minecraft:iron_ore":1,"minecraft:mangrove_roots":5,"treechop:chopped_log":3,"minecraft:crafting_table":1,"minecraft:grass":1,"minecraft:acacia_log":2,"minecraft:coal_ore":15,"minecraft:oak_log":5,"minecraft:campfire":4,"minecraft:stone":34,"minecraft:potted_bamboo":1,"minecraft:oak_leaves":2},"minecraft:picked_up":{"minecraft:charcoal":15,"minecraft:stick":3,"minecraft:crafting_table":1,"minecraft:chicken":13,"minecraft:flower_pot":1,"minecraft:acacia_log":9,"minecraft:potato":8,"minecraft:oak_log":19,"minecraft:stone_pressure_plate":1,"minecraft:red_bed":2,"minecraft:moss_carpet":1,"minecraft:bone":2,"minecraft:arrow":2,"minecraft:wheat_seeds":1,"minecraft:mangrove_roots":4,"minecraft:bamboo":1,"minecraft:oak_sapling":4,"minecraft:acacia_sapling":6,"minecraft:coal":14,"minecraft:cobblestone":34,"minecraft:furnace":2}},"DataVersion":3465}